x,y,day,temp_min,temp_max,precip,fishnet_ID,0,1,2,3,4,5,6,7,8,9
-93.270796852,44.4844142653,8,50.2673,70.7259,0.0,0,0.0,0.0,0.0,0.0,0.0,0.0,0.0,0.0,0.0,0.0
-93.2330703167,44.48449748,8,50.7317,70.8537,0.0,1,0.0,0.0,0.0,0.0,0.0,0.0,0.0,0.0,0.0,0.0
-93.1953436305,44.4845682337,8,51.3848,71.0029,0.0,2,0.0,0.0,0.0,0.0,0.0,0.0,0.0,0.0,0.0,0.0
-93.1576168179,44.4846265261,8,52.0337,71.1012,0.0,3,0.0,0.0,0.0,0.0,0.0,0.0,1.0,0.0,2.0,0.0
-93.1198899032,44.4846723572,8,52.5248,71.0973,0.0,4,0.0,0.0,0.0,0.0,0.0,0.0,0.0,0.0,0.0,0.0
-93.082162911,44.4847057269,8,52.8671,70.9883,0.0,5,0.0,0.0,0.0,0.0,0.0,0.0,0.0,0.0,0.0,0.0
-93.0444358656,44.4847266352,8,53.0764,70.7774,0.0,6,0.0,0.0,0.0,0.0,0.0,0.0,0.0,0.0,0.0,0.0
-93.2709218827,44.5114221321,8,50.4623,70.7894,0.0,7,0.0,0.0,0.0,0.0,0.0,0.0,0.0,0.0,0.0,0.0
-93.2331779289,44.5115054248,8,50.9242,70.9234,0.0,8,0.0,0.0,0.0,0.0,0.0,0.0,0.0,0.0,0.0,0.0
-93.195433824,44.5115762448,8,51.5853,71.0887,0.0,9,0.0,0.0,0.0,0.0,0.0,0.0,0.0,0.0,0.0,0.0
-93.1576895925,44.5116345918,8,52.184,71.19,0.0,10,0.0,0.0,0.0,0.0,0.0,0.0,0.0,0.0,0.0,0.0
-93.1199452588,44.5116804659,8,52.6466,71.1966,0.0,11,0.0,0.0,0.0,0.0,0.0,0.0,0.0,0.0,0.0,0.0
-93.0822008473,44.5117138669,8,52.9674,71.1052,0.0,12,0.0,0.0,0.0,0.0,0.0,0.0,0.0,0.0,0.0,0.0
-93.0444563826,44.5117347947,8,53.1662,70.923,0.0,13,0.0,0.0,0.0,0.0,0.0,0.0,0.0,0.0,0.0,0.0
-93.0067118891,44.5117432494,8,53.2655,70.6642,0.0,14,0.0,0.0,0.0,0.0,0.0,0.0,0.0,0.0,0.0,0.0
-92.9689673912,44.5117392309,8,53.289,70.3579,0.0,15,0.0,0.0,0.0,0.0,0.0,0.0,0.0,0.0,0.0,0.0
-92.9312229134,44.5117227392,8,53.2688,70.0587,0.0,16,0.0,0.0,0.0,0.0,0.0,1.0,2.0,0.0,1.0,0.0
-93.9129439399,44.53510267,8,50.4036,73.5571,0.0,17,0.0,0.0,0.0,0.0,0.0,0.0,0.0,0.0,0.0,0.0
-93.8751888636,44.5353982366,8,50.3858,73.5104,0.0,18,0.0,0.0,0.0,0.0,0.0,0.0,0.0,0.0,0.0,0.0
-93.8374332197,44.5356813242,8,50.3784,73.4916,0.0,19,0.0,0.0,0.0,0.0,0.0,0.0,0.0,0.0,0.0,0.0
-93.7996770327,44.5359519323,8,50.4011,73.2712,0.0,20,0.0,0.0,0.0,0.0,0.0,0.0,0.0,0.0,0.0,0.0
-93.7619203268,44.5362100604,8,50.4217,72.6666,0.0,21,0.0,0.0,0.0,0.0,0.0,0.0,0.0,0.0,0.0,0.0
-93.7241631268,44.536455708,8,50.3501,71.7288,0.0,22,0.0,0.0,0.0,0.0,0.0,0.0,0.0,0.0,0.0,0.0
-93.686405457,44.5366888747,8,50.1321,70.7401,0.0,23,0.0,0.0,0.0,0.0,0.0,0.0,0.0,0.0,0.0,0.0
-93.6486473419,44.5369095602,8,49.8848,70.1003,0.0,24,0.0,0.0,0.0,0.0,0.0,0.0,0.0,0.0,0.0,0.0
-93.6108888061,44.537117764,8,49.8474,70.0205,0.0,25,0.0,0.0,0.0,0.0,0.0,0.0,0.0,0.0,0.0,0.0
-93.573129874,44.5373134857,8,50.1634,70.3595,0.0,26,0.0,0.0,0.0,3.0,1.0,3.0,26.0,31.0,12.0,0.0
-93.53537057,44.5374967251,8,50.6791,70.8204,0.0,27,0.0,0.0,0.0,0.0,0.0,0.0,1.0,0.0,0.0,0.0
-93.4976109187,44.5376674818,8,51.2981,71.2072,0.0,28,0.0,0.0,0.0,0.0,0.0,0.0,0.0,0.0,0.0,0.0
-93.4598509446,44.5378257555,8,51.6143,71.4192,0.0,29,0.0,0.0,0.0,0.0,0.0,0.0,0.0,0.0,0.0,0.0
-93.4220906722,44.537971546,8,51.7817,71.4018,0.0,30,0.0,0.0,0.0,0.0,0.0,0.0,0.0,0.0,0.0,0.0
-93.3843301259,44.5381048529,8,51.5871,71.242,0.0,31,0.0,0.0,0.0,0.0,0.0,0.0,0.0,0.0,0.0,0.0
-93.3465693303,44.5382256761,8,51.1613,71.0872,0.0,32,0.0,0.0,0.0,0.0,0.0,0.0,0.0,0.0,0.0,0.0
-93.3088083098,44.5383340153,8,50.8458,70.9642,0.0,33,0.0,0.0,0.0,0.0,0.0,0.0,0.0,0.0,0.0,0.0
-93.271047089,44.5384298704,8,50.9095,70.9468,0.0,34,0.0,0.0,0.0,0.0,0.0,0.0,0.0,0.0,0.0,0.0
-93.2332856923,44.5385132411,8,51.3329,71.074,0.0,35,0.0,0.0,0.0,0.0,0.0,0.0,0.0,0.0,0.0,0.0
-93.1955241442,44.5385841274,8,51.8932,71.2203,0.0,36,0.0,0.0,0.0,0.0,1.0,1.0,2.0,0.0,1.0,0.0
-93.1577624693,44.5386425292,8,52.4122,71.3108,0.0,37,0.0,0.0,0.0,0.0,2.0,1.0,2.0,3.0,2.0,0.0
-93.120000692,44.5386884462,8,52.815,71.3166,0.0,38,0.0,0.0,0.0,0.0,0.0,0.0,1.0,0.0,0.0,0.0
-93.0822388369,44.5387218785,8,53.0967,71.237,0.0,39,0.0,0.0,0.0,0.0,0.0,0.0,0.0,0.0,0.0,0.0
-93.0444769284,44.538742826,8,53.2756,71.0808,0.0,40,0.0,0.0,0.0,0.0,0.0,0.0,0.0,0.0,0.0,0.0
-93.0067149911,44.5387512886,8,53.3732,70.8635,0.0,41,0.0,0.0,0.0,0.0,1.0,2.0,4.0,2.0,1.0,0.0
-92.9689530494,44.5387472663,8,53.4135,70.6131,0.0,42,0.0,0.0,0.0,0.0,0.0,0.0,0.0,0.0,0.0,0.0
-92.9311911278,44.5387307592,8,53.4276,70.3783,0.0,43,0.0,0.0,0.0,0.0,0.0,0.0,0.0,0.0,0.0,0.0
-92.8934292509,44.5387017672,8,53.4603,70.2258,0.0,44,0.0,0.0,0.0,0.0,0.0,0.0,0.0,0.0,0.0,0.0
-92.8556674431,44.5386602905,8,53.5679,70.2221,0.0,45,0.0,0.0,0.0,0.0,0.0,0.0,0.0,0.0,0.0,0.0
-92.817905729,44.538606329,8,53.7981,70.3949,0.0,46,0.0,0.0,0.0,0.0,0.0,0.0,0.0,0.0,0.0,0.0
-92.780144133,44.5385398829,8,54.1352,70.687,0.0,47,0.0,0.0,0.0,0.0,0.0,0.0,0.0,0.0,0.0,0.0
-93.9133661879,44.5621071624,8,50.3543,73.4265,0.0,48,0.0,0.0,0.0,0.0,0.0,0.0,0.0,0.0,0.0,0.0
-93.875593655,44.562403006,8,50.364,73.5124,0.0,49,0.0,0.0,0.0,0.0,0.0,0.0,0.0,0.0,0.0,0.0
-93.8378205535,44.5626863588,8,50.361,73.5694,0.0,50,0.0,0.0,0.0,0.0,0.0,0.0,0.0,0.0,0.0,0.0
-93.8000469079,44.5629572204,8,50.3821,73.3539,0.0,51,0.0,0.0,0.0,0.0,0.0,0.0,0.0,0.0,0.0,0.0
-93.7622727427,44.5632155903,8,50.4167,72.7248,0.0,52,0.0,0.0,0.0,0.0,0.0,0.0,0.0,0.0,0.0,0.0
-93.7244980824,44.5634614681,8,50.372,71.7818,0.0,53,0.0,0.0,0.0,0.0,0.0,0.0,0.0,0.0,0.0,0.0
-93.6867229515,44.5636948533,8,50.1745,70.8075,0.0,54,0.0,0.0,0.0,0.0,0.0,0.0,0.0,0.0,0.0,0.0
-93.6489473747,44.5639157455,8,49.9309,70.1734,0.0,55,0.0,0.0,0.0,0.0,0.0,0.0,0.0,0.0,0.0,0.0
-93.6111713763,44.5641241444,8,49.8954,70.0837,0.0,56,0.0,0.0,0.0,0.0,0.0,0.0,0.0,0.0,0.0,0.0
-93.5733949809,44.5643200495,8,50.2409,70.414,0.0,57,0.0,0.0,0.0,0.0,0.0,0.0,0.0,1.0,0.0,0.0
-93.5356182132,44.5645034606,8,50.7975,70.8726,0.0,58,0.0,0.0,0.0,0.0,0.0,0.0,0.0,0.0,0.0,0.0
-93.4978410975,44.5646743772,8,51.4707,71.268,0.0,59,0.0,0.0,0.0,0.0,0.0,0.0,0.0,0.0,0.0,0.0
-93.4600636584,44.5648327992,8,51.8363,71.5013,0.0,60,0.0,0.0,0.0,0.0,0.0,0.0,0.0,0.0,0.0,0.0
-93.4222859205,44.5649787263,8,51.9629,71.5481,0.0,61,0.0,0.0,0.0,0.0,0.0,0.0,0.0,0.0,0.0,0.0
-93.3845079082,44.5651121581,8,51.9872,71.4171,0.0,62,0.0,0.0,0.0,0.0,0.0,0.0,0.0,0.0,0.0,0.0
-93.3467296462,44.5652330945,8,51.6769,71.314,0.0,63,0.0,0.0,0.0,0.0,0.0,0.0,0.0,0.0,0.0,0.0
-93.308951159,44.5653415352,8,51.4463,71.227,0.0,64,0.0,0.0,0.0,0.0,0.0,0.0,0.0,0.0,0.0,0.0
-93.2711724711,44.5654374801,8,51.4737,71.2346,0.0,65,0.0,0.0,0.0,0.0,0.0,0.0,0.0,0.0,0.0,0.0
-93.233393607,44.565520929,8,51.8571,71.2909,0.0,66,0.0,0.0,0.0,0.0,0.0,0.0,0.0,0.0,0.0,0.0
-93.1956145913,44.5655918817,8,52.2867,71.3997,0.0,67,0.0,0.0,0.0,0.0,0.0,0.0,0.0,0.0,0.0,0.0
-93.1578354485,44.5656503382,8,52.6937,71.4621,0.0,68,0.0,0.0,0.0,0.0,0.0,0.0,0.0,0.0,0.0,0.0
-93.1200562032,44.5656962983,8,53.017,71.4556,0.0,69,0.0,0.0,0.0,0.0,1.0,1.0,1.0,0.0,0.0,0.0
-93.0822768799,44.5657297619,8,53.2484,71.3803,0.0,70,0.0,0.0,0.0,0.0,0.0,0.0,0.0,0.0,0.0,0.0
-93.0444975031,44.565750729,8,53.4001,71.2444,0.0,71,0.0,0.0,0.0,0.0,0.0,0.0,0.0,0.0,0.0,0.0
-93.0067180975,44.5657591995,8,53.49,71.0617,0.0,72,0.0,0.0,0.0,0.0,0.0,0.0,0.0,0.0,0.0,0.0
-92.9689386874,44.5657551735,8,53.5398,70.8567,0.0,73,0.0,0.0,0.0,0.0,0.0,0.0,0.0,0.0,0.0,0.0
-92.9311592976,44.5657386509,8,53.578,70.6693,0.0,74,0.0,0.0,0.0,0.0,0.0,0.0,0.0,0.0,0.0,0.0
-92.8933799524,44.5657096318,8,53.6428,70.5521,0.0,75,0.0,0.0,0.0,0.0,0.0,0.0,0.0,0.0,0.0,0.0
-92.8556006766,44.5656681162,8,53.7795,70.5533,0.0,76,0.0,0.0,0.0,0.0,0.0,0.0,0.0,0.0,0.0,0.0
-92.8178214945,44.5656141041,8,54.0227,70.6899,0.0,77,0.0,0.0,0.0,0.0,0.0,0.0,1.0,0.0,1.0,0.0
-92.7800424308,44.5655475958,8,54.351,70.9144,0.0,78,0.0,0.0,0.0,0.0,0.0,0.0,0.0,0.0,0.0,0.0
-93.9137890291,44.5891115235,8,50.3076,73.3077,0.0,79,0.0,0.0,0.0,0.0,0.0,0.0,0.0,0.0,0.0,0.0
-93.875999015,44.5894076442,8,50.3527,73.4706,0.0,80,0.0,0.0,0.0,0.0,0.0,0.0,0.0,0.0,0.0,0.0
-93.8382084314,44.5896912625,8,50.3608,73.5454,0.0,81,0.0,0.0,0.0,0.0,0.0,0.0,0.0,0.0,0.0,0.0
-93.8004173027,44.5899623779,8,50.379,73.3169,0.0,82,0.0,0.0,0.0,0.0,0.0,0.0,0.0,0.0,0.0,0.0
-93.7626256536,44.5902209898,8,50.4261,72.7162,0.0,83,0.0,0.0,0.0,0.0,0.0,0.0,0.0,0.0,0.0,0.0
-93.7248335085,44.590467098,8,50.4268,71.8758,0.0,84,0.0,0.0,0.0,0.0,0.0,0.0,0.0,0.0,0.0,0.0
-93.6870408921,44.5907007018,8,50.302,71.0338,0.0,85,0.0,0.0,0.0,0.0,0.0,0.0,0.0,0.0,0.0,0.0
-93.6492478289,44.590921801,8,50.1261,70.4732,0.0,86,0.0,0.0,0.0,0.0,0.0,0.0,0.0,0.0,0.0,0.0
-93.6114543434,44.5911303951,8,50.1218,70.3607,0.0,87,0.0,0.0,0.0,0.0,0.0,0.0,0.0,0.0,0.0,0.0
-93.5736604604,44.5913264838,8,50.4994,70.628,0.0,88,0.0,0.0,0.0,0.0,0.0,0.0,0.0,0.0,0.0,0.0
-93.5358662042,44.5915100667,8,51.0531,71.0238,0.0,89,0.0,0.0,0.0,0.0,0.0,0.0,0.0,0.0,0.0,0.0
-93.4980715996,44.5916811435,8,51.7492,71.388,0.0,90,0.0,0.0,0.0,0.0,0.0,0.0,0.0,0.0,0.0,0.0
-93.460276671,44.5918397139,8,52.1383,71.6215,0.0,91,0.0,0.0,0.0,0.0,0.0,0.0,0.0,0.0,0.0,0.0
-93.422481443,44.5919857777,8,52.3824,71.6606,0.0,92,0.0,0.0,0.0,0.0,0.0,0.0,0.0,0.0,0.0,0.0
-93.3846859403,44.5921193345,8,52.4487,71.6294,0.0,93,0.0,0.0,0.0,0.0,0.0,0.0,0.0,0.0,0.0,0.0
-93.3468901874,44.5922403842,8,52.25,71.5861,0.0,94,0.0,0.0,0.0,0.0,0.0,0.0,0.0,0.0,0.0,0.0
-93.3090942089,44.5923489266,8,52.1006,71.5424,0.0,95,0.0,0.0,0.0,0.0,0.0,0.0,0.0,0.0,0.0,0.0
-93.2712980293,44.5924449614,8,52.1171,71.5495,0.0,96,0.0,0.0,0.0,0.0,0.0,0.0,0.0,0.0,0.0,0.0
-93.2335016733,44.5925284884,8,52.415,71.5556,0.0,97,0.0,0.0,0.0,0.0,0.0,0.0,0.0,0.0,0.0,0.0
-93.1957051654,44.5925995077,8,52.7063,71.6139,0.0,98,0.0,0.0,0.0,0.0,0.0,0.0,0.0,0.0,0.0,0.0
-93.1579085302,44.5926580189,8,52.9954,71.6364,0.0,99,0.0,0.0,0.0,0.0,0.0,0.0,0.0,0.0,0.0,0.0
-93.1201117923,44.592704022,8,53.2349,71.6087,0.0,100,0.0,0.0,0.0,0.0,0.0,0.0,0.0,0.0,0.0,0.0
-93.0823149763,44.592737517,8,53.4126,71.5307,0.0,101,0.0,0.0,0.0,0.0,0.0,0.0,0.0,0.0,0.0,0.0
-93.0445181067,44.5927585037,8,53.5334,71.4082,0.0,102,0.0,0.0,0.0,0.0,0.0,0.0,1.0,0.0,0.0,0.0
-93.0067212082,44.5927669822,8,53.6104,71.2514,0.0,103,0.0,0.0,0.0,0.0,0.0,0.0,0.0,0.0,0.0,0.0
-92.9689243053,44.5927629524,8,53.6615,71.0792,0.0,104,0.0,0.0,0.0,0.0,0.0,0.0,0.0,0.0,0.0,0.0
-92.9311274226,44.5927464143,8,53.7113,70.9221,0.0,105,0.0,0.0,0.0,0.0,0.0,0.0,0.0,0.0,0.0,0.0
-92.8933305847,44.592717368,8,53.7912,70.8193,0.0,106,0.0,0.0,0.0,0.0,0.0,0.0,0.0,0.0,0.0,0.0
-92.8555338162,44.5926758135,8,53.9368,70.8059,0.0,107,0.0,0.0,0.0,0.0,0.0,0.0,0.0,0.0,0.0,0.0
-92.8177371417,44.5926217509,8,54.1722,70.893,0.0,108,0.0,0.0,0.0,1.0,0.0,1.0,5.0,0.0,1.0,0.0
-92.7799405857,44.5925551802,8,54.4737,71.0457,0.0,109,0.0,0.0,0.0,0.0,0.0,0.0,0.0,0.0,0.0,0.0
-93.8764049446,44.6164121513,8,50.3178,73.3083,0.0,110,0.0,0.0,0.0,0.0,0.0,0.0,0.0,0.0,0.0,0.0
-93.8385968543,44.6166960353,8,50.3513,73.3631,0.0,111,0.0,0.0,0.0,0.0,0.0,0.0,0.0,0.0,0.0,0.0
-93.800788218,44.6169674047,8,50.3809,73.1377,0.0,112,0.0,0.0,0.0,0.0,0.0,0.0,0.0,0.0,0.0,0.0
-93.7629790604,44.6172262589,8,50.4479,72.6265,0.0,113,0.0,0.0,0.0,0.0,0.0,0.0,0.0,0.0,0.0,0.0
-93.725169406,44.6174725976,8,50.5058,71.9588,0.0,114,0.0,0.0,0.0,0.0,0.0,0.0,0.0,0.0,0.0,0.0
-93.6873592794,44.6177064203,8,50.4844,71.308,0.0,115,0.0,0.0,0.0,0.0,0.0,0.0,0.0,0.0,0.0,0.0
-93.6495487053,44.6179277266,8,50.4227,70.8624,0.0,116,0.0,0.0,0.0,0.0,0.0,0.0,0.0,0.0,0.0,0.0
-93.6117377083,44.6181365162,8,50.4858,70.7415,0.0,117,0.0,0.0,0.0,0.0,0.0,0.0,0.0,0.0,0.0,0.0
-93.5739263129,44.6183327886,8,50.9131,70.9361,0.0,118,0.0,0.0,0.0,0.0,0.0,0.0,0.0,0.0,0.0,0.0
-93.5361145438,44.6185165435,8,51.4418,71.244,0.0,119,0.0,0.0,0.0,0.0,0.0,0.0,0.0,0.0,0.0,0.0
-93.4983024256,44.6186877806,8,52.1375,71.5553,0.0,120,0.0,0.0,0.0,0.0,0.0,0.0,0.0,0.0,0.0,0.0
-93.4604899829,44.6188464996,8,52.6284,71.6945,0.0,121,0.0,0.0,0.0,0.0,0.0,0.0,0.0,0.0,0.0,0.0
-93.4226772404,44.6189927002,8,52.798,71.8465,0.0,122,0.0,0.0,0.0,0.0,0.0,0.0,0.0,0.0,0.0,0.0
-93.3848642226,44.6191263822,8,52.7872,71.9215,0.0,123,0.0,0.0,0.0,0.0,0.0,0.0,0.0,0.0,0.0,0.0
-93.3470509542,44.6192475453,8,52.8113,71.8815,0.0,124,0.0,0.0,0.0,0.0,0.0,0.0,0.0,0.0,0.0,0.0
-93.3092374598,44.6193561893,8,52.7132,71.8795,0.0,125,0.0,0.0,0.0,0.0,0.0,0.0,0.0,0.0,0.0,0.0
-93.271423764,44.6194523141,8,52.7108,71.8855,0.0,126,0.0,0.0,0.0,0.0,1.0,0.0,0.0,0.0,0.0,0.0
-93.2336098915,44.6195359194,8,52.925,71.844,0.0,127,0.0,0.0,0.0,0.0,0.0,0.0,0.0,0.0,0.0,0.0
-93.1957958668,44.6196070052,8,53.0985,71.8463,0.0,128,0.0,0.0,0.0,0.0,0.0,0.0,0.0,0.0,0.0,0.0
-93.1579817146,44.6196655712,8,53.2855,71.8226,0.0,129,0.0,0.0,0.0,1.0,0.0,0.0,0.0,0.0,0.0,0.0
-93.1201674596,44.6197116174,8,53.4506,71.7678,0.0,130,0.0,0.0,0.0,2.0,0.0,0.0,8.0,5.0,6.0,0.0
-93.0823531262,44.6197451438,8,53.5786,71.6819,0.0,131,0.0,0.0,0.0,0.0,0.0,0.0,0.0,2.0,0.0,0.0
-93.0445387393,44.6197661502,8,53.6687,71.567,0.0,132,0.0,0.0,0.0,0.0,0.0,0.0,0.0,0.0,0.0,0.0
-93.0067243233,44.6197746366,8,53.7291,71.4283,0.0,133,0.0,0.0,0.0,0.0,1.0,0.0,6.0,3.0,5.0,0.0
-92.968909903,44.619770603,8,53.7744,71.2781,0.0,134,0.0,0.0,0.0,0.0,0.0,0.0,0.0,0.0,0.0,0.0
-92.9310955029,44.6197540495,8,53.8247,71.138,0.0,135,0.0,0.0,0.0,0.0,0.0,0.0,0.0,0.0,0.0,0.0
-92.8932811476,44.619724976,8,53.9054,71.0363,0.0,136,0.0,0.0,0.0,0.0,0.0,0.0,0.0,0.0,0.0,0.0
-92.8554668619,44.6196833825,8,54.0433,70.9983,0.0,137,0.0,0.0,1.0,0.0,0.0,0.0,1.0,0.0,0.0,0.0
-92.8176526703,44.6196292692,8,54.2543,71.0326,0.0,138,0.0,0.0,0.0,0.0,0.0,0.0,0.0,1.0,0.0,0.0
-92.7798385974,44.6195626362,8,54.5148,71.1169,0.0,139,0.0,0.0,0.0,0.0,0.0,0.0,0.0,0.0,0.0,0.0
-92.742024668,44.6194834836,8,54.7415,71.199,0.0,140,0.0,0.0,0.0,0.0,0.0,0.0,0.0,0.0,0.0,0.0
-93.8011596547,44.6439723008,8,50.3707,72.8712,0.0,141,0.0,0.0,0.0,0.0,0.0,0.0,0.0,0.0,0.0,0.0
-93.763332964,44.6442313975,8,50.4755,72.4851,0.0,142,0.0,0.0,0.0,0.0,0.0,0.0,0.0,0.0,0.0,0.0
-93.7255057756,44.644477967,8,50.6003,72.0037,0.0,143,0.0,0.0,0.0,0.0,0.0,0.0,0.0,0.0,0.0,0.0
-93.6876781143,44.6447120088,8,50.6924,71.5429,0.0,144,0.0,0.0,0.0,0.0,0.0,0.0,0.0,0.0,0.0,0.0
-93.6498500047,44.6449335224,8,50.766,71.2206,0.0,145,0.0,0.0,0.0,0.0,0.0,0.0,0.0,0.0,0.0,0.0
-93.6120214714,44.6451425076,8,50.928,71.1169,0.0,146,0.0,0.0,0.0,0.0,0.0,0.0,0.0,0.0,0.0,0.0
-93.5741925391,44.6453389639,8,51.4325,71.2632,0.0,147,0.0,0.0,0.0,0.0,0.0,0.0,0.0,0.0,0.0,0.0
-93.5363632325,44.6455228909,8,51.9424,71.4933,0.0,148,0.0,0.0,0.0,0.0,0.0,0.0,0.0,0.0,0.0,0.0
-93.4985335761,44.6456942885,8,52.6287,71.7506,0.0,149,0.0,0.0,0.0,0.0,0.0,0.0,0.0,0.0,0.0,0.0
-93.4607035947,44.6458531562,8,53.0962,71.8817,0.0,150,0.0,0.0,0.0,0.0,0.0,0.0,0.0,0.0,0.0,0.0
-93.422873313,44.6459994937,8,53.2568,72.049,0.0,151,0.0,0.0,0.0,0.0,0.0,0.0,0.0,0.0,0.0,0.0
-93.3850427555,44.646133301,8,53.2591,72.1663,0.0,152,0.0,0.0,0.0,0.0,0.0,0.0,0.0,0.0,0.0,0.0
-93.347211947,44.6462545776,8,53.3117,72.1851,0.0,153,0.0,0.0,0.0,0.0,0.0,0.0,0.0,0.0,0.0,0.0
-93.3093809121,44.6463633234,8,53.2237,72.2206,0.0,154,0.0,0.0,0.0,0.0,0.0,0.0,0.0,0.0,0.0,0.0
-93.2715496755,44.6464595383,8,53.2516,72.1933,0.0,155,0.0,0.0,0.0,0.0,0.0,0.0,0.0,0.0,0.0,0.0
-93.2337182618,44.6465432219,8,53.3366,72.138,0.0,156,0.0,0.0,0.0,0.0,0.0,0.0,0.0,0.0,0.0,0.0
-93.1958866957,44.6466143743,8,53.4273,72.0811,0.0,157,0.0,0.0,0.0,0.0,0.0,0.0,0.0,0.0,0.0,0.0
-93.1580550019,44.6466729952,8,53.5407,72.008,0.0,158,0.0,0.0,0.0,1.0,4.0,1.0,27.0,17.0,15.0,0.0
-93.1202232051,44.6467190846,8,53.6494,71.9234,0.0,159,0.0,0.0,0.0,0.0,2.0,1.0,10.0,5.0,4.0,0.0
-93.0823913298,44.6467526423,8,53.7371,71.827,0.0,160,0.0,0.0,0.0,0.0,0.0,0.0,0.0,2.0,0.0,0.0
-93.0445594008,44.6467736684,8,53.7995,71.716,0.0,161,0.0,0.0,0.0,0.0,0.0,0.0,0.0,0.0,0.0,0.0
-93.0067274428,44.6467821628,8,53.8419,71.5897,0.0,162,0.0,0.0,0.0,0.0,0.0,0.0,0.0,0.0,0.0,0.0
-92.9688954804,44.6467781254,8,53.8763,71.4541,0.0,163,0.0,0.0,0.0,0.0,0.0,0.0,0.0,0.0,0.0,0.0
-92.9310635382,44.6467615564,8,53.9191,71.3231,0.0,164,0.0,0.0,0.0,0.0,0.0,0.0,0.0,0.0,0.0,0.0
-92.8932316411,44.6467324556,8,53.9904,71.2165,0.0,165,0.0,0.0,0.0,0.0,0.0,0.0,1.0,0.0,0.0,0.0
-92.8553998135,44.6466908232,8,54.1101,71.1529,0.0,166,1.0,0.0,0.0,0.0,0.0,0.0,0.0,0.0,1.0,0.0
-92.8175680802,44.6466366592,8,54.2872,71.14,0.0,167,0.0,0.0,0.0,0.0,0.0,0.0,0.0,0.0,0.0,0.0
-92.7797364658,44.6465699638,8,54.5005,71.1668,0.0,168,0.0,0.0,0.0,0.0,0.0,0.0,0.0,0.0,0.0,0.0
-92.7419049951,44.646490737,8,54.6861,71.2037,0.0,169,0.0,0.0,0.0,0.0,0.0,0.0,0.0,0.0,0.0,0.0
-93.8772185165,44.670420772,8,50.0739,72.6711,0.0,170,0.0,0.0,0.0,0.0,0.0,0.0,0.0,0.0,0.0,0.0
-93.839375339,44.6707051882,8,50.2049,72.7034,0.0,171,0.0,0.0,0.0,0.0,0.0,0.0,0.0,0.0,0.0,0.0
-93.8015316137,44.6709770662,8,50.3305,72.578,0.0,172,0.0,0.0,0.0,0.0,0.0,0.0,0.0,0.0,0.0,0.0
-93.7636873652,44.6712364057,8,50.4959,72.3229,0.0,173,0.0,0.0,0.0,0.0,0.0,0.0,0.0,0.0,0.0,0.0
-93.7258426182,44.6714832062,8,50.7004,72.0082,0.0,174,0.0,0.0,0.0,0.0,0.0,0.0,0.0,0.0,0.0,0.0
-93.6879973975,44.6717174672,8,50.9102,71.709,0.0,175,0.0,0.0,0.0,0.0,0.0,0.0,0.0,0.0,0.0,0.0
-93.6501517277,44.6719391884,8,51.1263,71.4994,0.0,176,0.0,0.0,0.0,0.0,0.0,0.0,0.0,0.0,0.0,0.0
-93.6123056335,44.6721483693,8,51.4104,71.4322,0.0,177,0.0,0.0,0.0,0.0,0.0,0.0,0.0,0.0,0.0,0.0
-93.5744591397,44.6723450097,8,52.0196,71.5616,0.0,178,0.0,0.0,0.0,0.0,0.0,0.0,0.0,0.0,0.0,0.0
-93.5366122708,44.672529109,8,52.5347,71.7395,0.0,179,0.0,0.0,0.0,0.0,0.0,0.0,0.0,0.0,0.0,0.0
-93.4987650517,44.6727006671,8,53.0731,71.7262,0.0,180,0.0,0.0,0.0,0.0,0.0,0.0,0.0,0.0,0.0,0.0
-93.4609175069,44.6728596837,8,53.6339,72.0782,0.0,181,0.0,0.0,0.0,0.0,0.0,0.0,0.0,0.0,0.0,0.0
-93.4230696613,44.6730061584,8,53.7458,72.2562,0.0,182,0.0,0.0,0.0,0.0,0.0,0.0,0.0,0.0,0.0,0.0
-93.3852215395,44.673140091,8,53.704,72.4096,0.0,183,0.0,0.0,0.0,0.0,0.0,0.0,0.0,0.0,0.0,0.0
-93.3473731662,44.6732614812,8,53.7154,72.4868,0.0,184,0.0,0.0,0.0,0.0,0.0,0.0,0.0,0.0,0.0,0.0
-93.3095245661,44.6733703289,8,53.5938,72.5583,0.0,185,0.0,0.0,0.0,1.0,0.0,1.0,9.0,4.0,1.0,0.0
-93.271675764,44.6734666339,8,53.6248,72.5076,0.0,186,0.0,0.0,0.0,0.0,1.0,5.0,13.0,6.0,5.0,0.0
-93.2338267845,44.673550396,8,53.6254,72.4271,0.0,187,0.0,0.0,0.0,0.0,0.0,0.0,0.0,0.0,1.0,0.0
-93.1959776524,44.673621615,8,53.675,72.3057,0.0,188,0.0,0.0,0.0,0.0,1.0,0.0,5.0,4.0,2.0,0.0
-93.1581283923,44.6736802908,8,53.7483,72.1804,0.0,189,0.0,0.0,1.0,0.0,0.0,2.0,13.0,10.0,5.0,0.0
-93.120279029,44.6737264234,8,53.8221,72.0658,0.0,190,0.0,0.0,0.0,0.0,0.0,0.0,0.0,0.0,0.0,0.0
-93.0824295871,44.6737600126,8,53.8812,71.9591,0.0,191,0.0,0.0,0.0,0.0,0.0,0.0,0.0,0.0,0.0,0.0
-93.0445800915,44.6737810584,8,53.9209,71.8509,0.0,192,0.0,0.0,0.0,0.0,0.0,0.0,0.0,0.0,0.0,0.0
-93.0067305667,44.6737895607,8,53.9458,71.734,0.0,193,0.0,0.0,0.0,0.0,0.0,0.0,0.0,0.0,0.0,0.0
-92.9688810375,44.6737855196,8,53.9663,71.6087,0.0,194,0.0,0.0,0.0,0.0,2.0,1.0,4.0,1.0,1.0,0.0
-92.9310315287,44.673768935,8,53.9969,71.4832,0.0,195,0.0,0.0,0.0,0.0,0.0,0.0,0.0,0.0,0.0,0.0
-92.8931820649,44.673739807,8,54.0533,71.3713,0.0,196,0.0,0.0,0.0,0.0,0.0,0.0,0.0,0.0,0.0,0.0
-92.8553326708,44.6736981355,8,54.1496,71.2868,0.0,197,0.0,0.0,0.0,0.0,0.0,0.0,0.0,0.0,0.0,0.0
-92.8174833711,44.6736439208,8,54.2904,71.2377,0.0,198,0.0,0.0,0.0,0.0,0.0,0.0,0.0,0.0,0.0,0.0
-92.7796341906,44.6735771629,8,54.4575,71.221,0.0,199,0.0,0.0,0.0,0.0,0.0,0.0,0.0,0.0,0.0,0.0
-92.741785154,44.6734978619,8,54.6042,71.2227,0.0,200,0.0,0.0,0.0,0.0,0.0,0.0,0.0,0.0,0.0,0.0
-93.8776261608,44.6974248857,8,49.8474,72.2908,0.0,201,0.0,0.0,0.0,0.0,0.0,0.0,0.0,0.0,0.0,0.0
-93.8397654027,44.6977095682,8,50.0405,72.3415,0.0,202,0.0,0.0,0.0,0.0,0.0,0.0,0.0,0.0,0.0,0.0
-93.8019040958,44.697981701,8,50.244,72.2904,0.0,203,0.0,0.0,0.0,0.0,0.0,0.0,0.0,0.0,0.0,0.0
-93.7640422648,44.6982412834,8,50.4925,72.1553,0.0,204,0.0,0.0,0.0,0.0,0.0,0.0,0.0,0.0,0.0,0.0
-93.7261799346,44.6984883151,8,50.7937,71.9796,0.0,205,0.0,0.0,0.0,0.0,0.0,0.0,0.0,0.0,0.0,0.0
-93.6883171298,44.6987227956,8,51.129,71.8113,0.0,206,0.0,0.0,0.0,0.0,0.0,0.0,1.0,0.0,0.0,0.0
-93.6504538751,44.6989447245,8,51.4944,71.6986,0.0,207,0.0,0.0,0.0,0.0,0.0,0.0,1.0,1.0,1.0,0.0
-93.6125901954,44.6991541014,8,51.9203,71.6775,0.0,208,0.0,0.0,0.0,0.0,0.0,0.0,0.0,0.0,0.0,0.0
-93.5747261152,44.699350926,8,52.659,71.8139,0.0,209,0.0,0.0,0.0,0.0,0.0,0.0,0.0,0.0,0.0,0.0
-93.5368616595,44.6995351978,8,53.2634,71.7347,0.0,210,0.0,0.0,0.0,0.0,0.0,0.0,0.0,0.0,0.0,0.0
-93.4989968528,44.6997069166,8,53.9949,72.0805,0.0,211,0.0,0.0,0.0,0.0,0.0,0.0,1.0,0.0,0.0,0.0
-93.46113172,44.6998660822,8,54.2408,72.2702,0.0,212,0.0,0.0,0.0,0.0,0.0,0.0,0.0,0.0,0.0,0.0
-93.4232662858,44.7000126941,8,54.2588,72.4549,0.0,213,0.0,0.0,0.0,0.0,0.0,0.0,2.0,2.0,0.0,0.0
-93.3854005749,44.7001467522,8,54.1042,72.6394,0.0,214,0.0,0.0,1.0,1.0,3.0,1.0,4.0,1.0,1.0,0.0
-93.3475346122,44.7002682561,8,53.8874,72.8151,0.0,215,0.0,0.0,0.0,0.0,0.0,0.0,0.0,0.0,0.0,0.0
-93.3096684222,44.7003772058,8,53.7939,72.8899,0.0,216,0.0,0.0,0.0,0.0,0.0,0.0,1.0,8.0,3.0,0.0
-93.2718020299,44.700473601,8,53.7779,72.8444,0.0,217,1.0,0.0,0.0,11.0,15.0,6.0,98.0,52.0,38.0,0.0
-93.2339354599,44.7005574416,8,53.7848,72.705,0.0,218,0.0,0.0,0.0,0.0,0.0,0.0,2.0,9.0,1.0,0.0
-93.196068737,44.7006287273,8,53.8398,72.5096,0.0,219,0.0,0.0,0.0,0.0,0.0,0.0,0.0,0.0,0.0,0.0
-93.1582018859,44.7006874581,8,53.9065,72.3287,0.0,220,0.0,0.0,0.0,0.0,0.0,0.0,0.0,0.0,0.0,0.0
-93.1203349314,44.7007336339,8,53.9658,72.1859,0.0,221,0.0,0.0,0.0,0.0,0.0,0.0,0.0,0.0,0.0,0.0
-93.0824678983,44.7007672546,8,54.0078,72.0721,0.0,222,0.0,0.0,0.0,0.0,0.0,0.0,0.0,0.0,0.0,0.0
-93.0446008112,44.7007883201,8,54.0303,71.9681,0.0,223,0.0,0.0,0.0,0.0,0.0,0.0,1.0,2.0,0.0,0.0
-93.006733695,44.7007968304,8,54.0387,71.8597,0.0,224,0.0,0.0,0.0,0.0,0.0,0.0,0.0,0.0,0.0,0.0
-92.9688665744,44.7007927855,8,54.0443,71.7429,0.0,225,0.0,0.0,0.0,0.0,0.0,0.0,1.0,0.0,1.0,0.0
-92.9309994741,44.7007761853,8,54.0606,71.6224,0.0,226,0.0,0.0,0.0,0.0,0.0,0.0,0.0,0.0,0.0,0.0
-92.8931324189,44.70074703,8,54.1001,71.5077,0.0,227,0.0,0.0,0.0,0.0,0.0,0.0,0.0,0.0,0.0,0.0
-92.8552654336,44.7007053196,8,54.1725,71.4096,0.0,228,0.0,0.0,0.0,0.0,0.0,0.0,0.0,0.0,0.0,0.0
-92.8173985429,44.7006510541,8,54.2794,71.3362,0.0,229,0.0,0.0,0.0,0.0,0.0,0.0,0.0,0.0,0.0,0.0
-92.7795317715,44.7005842336,8,54.406,71.2896,0.0,230,0.0,0.0,0.0,0.0,0.0,1.0,0.0,0.0,0.0,0.0
-92.7416651443,44.7005048582,8,54.5192,71.2654,0.0,231,0.0,0.0,0.0,0.0,0.0,0.0,0.0,0.0,0.0,0.0
-93.9916659229,44.7234986559,8,48.9198,71.607,0.0,232,0.0,0.0,0.0,0.0,0.0,0.0,0.0,0.0,0.0,0.0
-93.9537893572,44.7238212869,8,49.0991,71.718,0.0,233,0.0,0.0,0.0,0.0,1.0,1.0,0.0,4.0,1.0,0.0
-93.9159121675,44.7241313578,8,49.3252,71.7995,0.0,234,0.0,0.0,0.0,0.0,0.0,0.0,0.0,0.0,0.0,0.0
-93.8780343785,44.7244288681,8,49.5572,71.9196,0.0,235,0.0,0.0,0.0,0.0,0.0,0.0,0.0,0.0,0.0,0.0
-93.8401560151,44.7247138174,8,49.8094,71.9983,0.0,236,0.0,0.0,0.0,0.0,0.0,0.0,0.0,0.0,0.0,0.0
-93.8022771019,44.7249862051,8,50.0991,72.0192,0.0,237,0.0,0.0,0.0,0.0,0.0,0.0,0.0,0.0,0.0,0.0
-93.7643976638,44.7252460307,8,50.449,71.988,0.0,238,0.0,0.0,0.0,0.0,0.0,0.0,0.0,0.0,0.0,0.0
-93.7265177256,44.7254932938,8,50.8663,71.9265,0.0,239,0.0,0.0,0.0,0.0,0.0,0.0,0.0,0.0,0.0,0.0
-93.6886373119,44.725727994,8,51.3413,71.8646,0.0,240,0.0,0.0,0.0,0.0,0.0,0.0,0.0,0.0,0.0,0.0
-93.6507564477,44.7259501308,8,51.8688,71.8349,0.0,241,0.0,0.0,0.0,1.0,0.0,0.0,0.0,0.0,0.0,0.0
-93.6128751576,44.7261597038,8,52.4588,71.8633,0.0,242,0.0,0.0,0.0,0.0,0.0,0.0,0.0,0.0,0.0,0.0
-93.5749934664,44.7263567128,8,53.3528,72.0206,0.0,243,0.0,0.0,0.0,0.0,0.0,0.0,0.0,0.0,0.0,0.0
-93.537111399,44.7265411572,8,54.0227,71.9332,0.0,244,0.0,0.0,0.0,0.0,0.0,0.0,0.0,0.0,0.0,0.0
-93.4992289801,44.726713037,8,54.7652,72.2717,0.0,245,0.0,0.0,0.0,0.0,0.0,0.0,0.0,0.0,0.0,0.0
-93.4613462345,44.7268723516,8,54.9332,72.4465,0.0,246,0.0,0.0,0.0,0.0,1.0,0.0,7.0,3.0,9.0,0.0
-93.423463187,44.7270191009,8,54.8077,72.6321,0.0,247,0.0,0.0,0.0,1.0,0.0,0.0,21.0,16.0,16.0,0.0
-93.3855798623,44.7271532845,8,54.4586,72.8418,0.0,248,0.0,0.0,1.0,0.0,1.0,0.0,3.0,0.0,1.0,0.0
-93.3476962853,44.7272749024,8,54.0445,73.0673,0.0,249,0.0,0.0,0.0,0.0,0.0,0.0,0.0,0.0,0.0,0.0
-93.3098124808,44.7273839541,8,53.8025,73.2076,0.0,250,0.0,0.0,1.0,1.0,0.0,0.0,3.0,8.0,6.0,0.0
-93.2719284735,44.7274804396,8,53.7517,73.1738,0.0,251,0.0,0.0,0.0,1.0,2.0,1.0,34.0,12.0,15.0,0.0
-93.2340442882,44.7275643587,8,53.8233,72.9636,0.0,252,0.0,0.0,1.0,10.0,12.0,13.0,143.0,50.0,52.0,0.0
-93.1961599497,44.7276357112,8,53.9338,72.6814,0.0,253,0.0,0.0,0.0,8.0,13.0,13.0,104.0,59.0,39.0,0.0
-93.1582754829,44.7276944971,8,54.0225,72.4422,0.0,254,0.0,0.0,0.0,0.0,0.0,1.0,21.0,6.0,4.0,0.0
-93.1203909125,44.7277407161,8,54.0833,72.2762,0.0,255,1.0,0.0,0.0,2.0,9.0,3.0,54.0,22.0,29.0,0.0
-93.0825062633,44.7277743683,8,54.1176,72.1617,0.0,256,0.0,0.0,0.0,0.0,0.0,0.0,0.0,3.0,2.0,0.0
-93.0446215601,44.7277954535,8,54.127,72.0655,0.0,257,0.0,0.0,0.0,0.0,0.0,0.0,3.0,0.0,0.0,0.0
-93.0067368277,44.7278039718,8,54.1197,71.9659,0.0,258,0.0,0.0,0.0,0.0,0.0,0.0,1.0,0.0,1.0,0.0
-92.9688520908,44.7277999231,8,54.1101,71.857,0.0,259,0.0,0.0,0.0,0.0,0.0,0.0,1.0,0.0,0.0,0.0
-92.9309673744,44.7277833074,8,54.1118,71.7421,0.0,260,0.0,0.0,0.0,0.0,1.0,0.0,1.0,0.0,0.0,0.0
-92.8930827031,44.7277541248,8,54.1351,71.6283,0.0,261,1.0,0.0,0.0,2.0,5.0,4.0,53.0,31.0,24.0,0.0
-92.8551981018,44.7277123753,8,54.1862,71.5241,0.0,262,0.0,0.0,0.0,4.0,1.0,1.0,28.0,15.0,23.0,0.0
-92.8173135953,44.7276580589,8,54.2644,71.437,0.0,263,0.0,0.0,0.0,0.0,0.0,0.0,0.0,0.0,0.0,0.0
-92.7794292084,44.7275911758,8,54.358,71.3719,0.0,264,0.0,0.0,0.0,0.0,0.0,0.0,1.0,0.0,0.0,0.0
-92.7415449657,44.7275117261,8,54.4439,71.3297,0.0,265,0.0,0.0,0.0,0.0,0.0,0.0,0.0,0.0,0.0,0.0
-93.9921275994,44.7505016358,8,48.5879,71.2948,0.0,266,0.0,0.0,0.0,0.0,0.0,0.0,0.0,0.0,0.0,0.0
-93.9542334066,44.750824569,8,48.7531,71.3862,0.0,267,0.0,0.0,0.0,0.0,0.0,0.0,0.0,0.0,0.0,0.0
-93.9163385888,44.7511349304,8,48.9586,71.5042,0.0,268,0.0,0.0,0.0,0.0,0.0,1.0,0.0,0.0,1.0,0.0
-93.8784431707,44.7514327194,8,49.2166,71.5776,0.0,269,0.0,0.0,0.0,0.0,0.0,0.0,0.0,0.0,0.0,0.0
-93.8405471772,44.7517179356,8,49.5143,71.6836,0.0,270,0.0,0.0,0.0,1.0,0.0,1.0,1.0,0.0,0.0,0.0
-93.802650633,44.7519905785,8,49.8889,71.7671,0.0,271,0.0,0.0,0.0,0.0,0.0,0.0,0.0,0.0,0.0,0.0
-93.7647535629,44.7522506475,8,50.3533,71.8234,0.0,272,0.0,0.0,0.0,0.0,0.0,0.0,0.0,2.0,1.0,0.0
-93.7268559919,44.7524981422,8,50.9064,71.8571,0.0,273,0.0,0.0,0.0,0.0,0.0,0.0,1.0,0.0,0.0,0.0
-93.6889579446,44.7527330623,8,51.5399,71.8841,0.0,274,0.0,0.0,0.0,0.0,0.0,0.0,0.0,0.0,0.0,0.0
-93.651059446,44.7529554072,8,52.2487,71.927,0.0,275,0.0,0.0,1.0,1.0,0.0,0.0,0.0,2.0,0.0,0.0
-93.6131605208,44.7531651765,8,53.0308,72.005,0.0,276,0.0,0.0,0.0,0.0,3.0,0.0,8.0,10.0,5.0,0.0
-93.5752611939,44.75336237,8,54.1638,71.9553,0.0,277,0.0,0.0,0.0,0.0,1.0,0.0,5.0,0.0,4.0,0.0
-93.53736149,44.7535469873,8,54.8873,72.111,0.0,278,0.0,0.0,0.0,0.0,0.0,0.0,0.0,0.0,0.0,0.0
-93.4994614341,44.7537190281,8,55.6657,72.4424,0.0,279,0.0,0.0,0.0,0.0,0.0,0.0,0.0,0.0,0.0,0.0
-93.4615610509,44.7538784919,8,55.756,72.6005,0.0,280,0.0,0.0,0.0,0.0,0.0,0.0,2.0,0.0,2.0,0.0
-93.4236603652,44.7540253787,8,55.4382,72.7776,0.0,281,0.0,0.0,0.0,1.0,2.0,0.0,2.0,2.0,2.0,0.0
-93.385759402,44.7541596881,8,54.803,73.0007,0.0,282,1.0,0.0,0.0,4.0,8.0,9.0,85.0,41.0,25.0,0.0
-93.347858186,44.7542814198,8,54.0881,73.2725,0.0,283,0.0,0.0,0.0,0.0,1.0,0.0,0.0,0.0,2.0,0.0
-93.309956742,44.7543905738,8,53.6349,73.4862,0.0,284,2.0,0.0,3.0,12.0,11.0,8.0,120.0,53.0,34.0,0.0
-93.272055095,44.7544871497,8,53.5738,73.4718,0.0,285,0.0,0.0,0.0,13.0,13.0,23.0,200.0,20.0,60.0,0.0
-93.2341532696,44.7545711474,8,53.7757,73.1827,0.0,286,0.0,0.0,0.0,0.0,1.0,0.0,7.0,8.0,1.0,0.0
-93.1962512909,44.7546425668,8,53.9836,72.8058,0.0,287,0.0,0.0,0.0,0.0,1.0,0.0,3.0,2.0,1.0,0.0
-93.1583491835,44.7547014077,8,54.1106,72.5114,0.0,288,0.0,0.0,0.0,0.0,0.0,0.0,0.0,0.0,0.0,0.0
-93.1204469724,44.75474767,8,54.1815,72.3323,0.0,289,0.0,0.0,0.0,0.0,0.0,0.0,0.0,0.0,0.0,0.0
-93.0825446823,44.7547813537,8,54.2145,72.2273,0.0,290,0.0,0.0,1.0,0.0,0.0,0.0,0.0,0.0,1.0,0.0
-93.0446423382,44.7548024587,8,54.2128,72.1435,0.0,291,0.0,0.0,0.0,1.0,0.0,0.0,1.0,1.0,1.0,0.0
-93.0067399648,44.754810985,8,54.189,72.0525,0.0,292,0.0,0.0,0.0,0.0,0.0,0.0,0.0,0.0,0.0,0.0
-92.9688375869,44.7548069325,8,54.1633,71.9506,0.0,293,0.0,0.0,0.0,0.0,0.0,0.0,0.0,0.0,0.0,0.0
-92.9309352295,44.7547903012,8,54.1513,71.8425,0.0,294,0.0,0.0,0.0,0.0,0.0,0.0,0.0,0.0,0.0,0.0
-92.8930329174,44.7547610913,8,54.1608,71.7334,0.0,295,0.0,0.0,1.0,0.0,0.0,0.0,3.0,0.0,1.0,0.0
-92.8551306753,44.7547193026,8,54.1947,71.6294,0.0,296,0.0,0.0,0.0,0.0,1.0,0.0,8.0,2.0,5.0,0.0
-92.8172285282,44.7546649354,8,54.2504,71.537,0.0,297,0.0,0.0,0.0,0.0,0.0,0.0,0.0,0.0,0.0,0.0
-92.7793265008,44.7545979896,8,54.3187,71.4621,0.0,298,0.0,0.0,0.0,0.0,0.0,0.0,0.0,0.0,0.0,0.0
-93.9925899257,44.7775044838,8,48.2525,71.0001,0.0,299,0.0,0.0,0.0,0.0,0.0,0.0,0.0,0.0,0.0,0.0
-93.9546780811,44.7778277194,8,48.4014,71.0792,0.0,300,0.0,0.0,1.0,0.0,0.0,0.0,0.0,1.0,0.0,0.0
-93.9167656104,44.7781383716,8,48.5969,71.1973,0.0,301,0.0,0.0,0.0,0.0,2.0,2.0,27.0,24.0,19.0,0.0
-93.8788525384,44.7784364396,8,48.8313,71.3212,0.0,302,0.0,0.0,0.0,0.0,0.0,0.0,0.0,0.0,0.0,0.0
-93.8409388899,44.7787219229,8,49.1632,71.4028,0.0,303,0.0,0.0,0.0,0.0,0.0,0.0,1.0,0.0,0.0,0.0
-93.8030246899,44.7789948212,8,49.6136,71.5356,0.0,304,0.0,0.0,1.0,0.0,0.0,1.0,3.0,1.0,1.0,0.0
-93.7651099631,44.7792551338,8,50.2008,71.6645,0.0,305,1.0,0.0,1.0,1.0,1.0,1.0,6.0,5.0,4.0,0.0
-93.7271947344,44.7795028604,8,50.9074,71.7787,0.0,306,0.0,0.0,0.0,0.0,0.0,0.0,1.0,0.0,0.0,0.0
-93.6892790288,44.7797380005,8,51.7193,71.8825,0.0,307,0.0,0.0,0.0,0.0,0.0,1.0,1.0,0.0,0.0,0.0
-93.6513628709,44.7799605537,8,52.632,71.9904,0.0,308,1.0,0.0,0.0,1.0,0.0,1.0,6.0,2.0,0.0,0.0
-93.6134462858,44.7801705196,8,53.6392,72.1168,0.0,309,0.0,0.0,0.0,0.0,0.0,0.0,0.0,0.0,0.0,0.0
-93.5755292983,44.7803678978,8,54.9873,72.1069,0.0,310,0.0,0.0,0.0,0.0,0.0,0.0,3.0,1.0,2.0,0.0
-93.5376119331,44.7805526881,8,55.8876,72.2724,0.0,311,1.0,0.0,4.0,1.0,0.0,1.0,20.0,4.0,11.0,0.0
-93.4996942153,44.78072489,8,56.7516,72.5936,0.0,312,0.0,0.0,0.0,0.0,0.0,0.0,0.0,1.0,1.0,0.0
-93.4617761697,44.7808845033,8,56.7899,72.7311,0.0,313,0.0,0.0,0.0,0.0,0.0,0.0,0.0,0.0,0.0,0.0
-93.4238578211,44.7810315276,8,56.2449,72.8865,0.0,314,0.0,0.0,0.0,0.0,0.0,0.0,0.0,0.0,0.0,0.0
-93.3859391945,44.7811659628,8,55.2373,73.1019,0.0,315,1.0,0.0,3.0,3.0,5.0,7.0,24.0,7.0,19.0,0.0
-93.3480203146,44.7812878086,8,54.1255,73.398,0.0,316,0.0,0.0,0.0,2.0,1.0,1.0,29.0,10.0,8.0,0.0
-93.3101012064,44.7813970648,8,53.4034,73.6726,0.0,317,0.0,0.0,0.0,5.0,6.0,6.0,49.0,14.0,32.0,0.0
-93.2721818948,44.7814937312,8,53.3621,73.675,0.0,318,0.0,0.0,6.0,7.0,11.0,23.0,108.0,75.0,58.0,0.0
-93.2342624045,44.7815778076,8,53.7219,73.3193,0.0,319,0.0,0.0,1.0,4.0,7.0,5.0,73.0,67.0,29.0,0.0
-93.1963427606,44.7816492939,8,54.0286,72.8627,0.0,320,1.0,0.0,0.0,3.0,7.0,4.0,71.0,32.0,27.0,0.0
-93.1584229879,44.7817081899,8,54.1858,72.5297,0.0,321,0.0,0.0,1.0,0.0,1.0,0.0,3.0,1.0,2.0,0.0
-93.1205031112,44.7817544956,8,54.2678,72.3554,0.0,322,0.0,0.0,0.0,0.0,1.0,0.0,2.0,0.0,3.0,0.0
-93.0825831554,44.7817882109,8,54.3055,72.2743,0.0,323,0.0,0.0,0.0,0.0,0.0,0.0,0.0,0.0,0.0,0.0
-93.0446631455,44.7818093357,8,54.2921,72.206,0.0,324,0.0,0.0,1.0,0.0,4.0,2.0,8.0,0.0,3.0,0.0
-93.0067431063,44.7818178699,8,54.2467,72.1199,0.0,325,0.0,0.0,0.0,0.0,0.0,0.0,0.0,0.0,0.0,0.0
-92.9688230626,44.7818138136,8,54.203,72.023,0.0,326,0.0,0.0,0.0,0.0,0.0,0.0,0.0,0.0,0.0,0.0
-92.9309030394,44.7817971668,8,54.1789,71.923,0.0,327,0.0,0.0,0.0,0.0,0.0,0.0,0.0,0.0,0.0,0.0
-92.8929830615,44.7817679294,8,54.1782,71.8222,0.0,328,0.0,0.0,0.0,0.0,0.0,0.0,2.0,0.0,0.0,0.0
-92.8550631538,44.7817261016,8,54.1997,71.7235,0.0,329,0.0,0.0,0.0,1.0,0.0,0.0,3.0,1.0,2.0,0.0
-92.8171433413,44.7816716835,8,54.2392,71.632,0.0,330,0.0,0.0,0.0,0.0,0.0,0.0,0.0,0.0,0.0,0.0
-92.7792236487,44.781604675,8,54.2891,71.5536,0.0,331,0.0,0.0,0.0,0.0,0.0,0.0,0.0,1.0,1.0,0.0
-93.993052903,44.8045071997,8,47.9232,70.7199,0.0,332,0.0,0.0,0.0,0.0,0.0,0.0,0.0,0.0,0.0,0.0
-93.9551233818,44.8048307382,8,48.06,70.7989,0.0,333,0.0,0.0,0.0,0.0,0.0,0.0,0.0,0.0,0.0,0.0
-93.9171932333,44.8051416813,8,48.2503,70.9381,0.0,334,0.0,0.0,0.0,0.0,0.0,0.0,0.0,0.0,0.0,0.0
-93.8792624825,44.8054400285,8,48.453,71.0669,0.0,335,0.0,0.0,0.0,0.0,0.0,0.0,0.0,0.0,0.0,0.0
-93.8413311543,44.8057257793,8,48.7583,71.2016,0.0,336,0.0,0.0,0.0,0.0,0.0,0.0,0.0,0.0,0.0,0.0
-93.8033992735,44.8059989332,8,49.2828,71.3277,0.0,337,0.0,0.0,0.0,0.0,0.0,0.0,0.0,0.0,0.0,0.0
-93.7654668651,44.8062594897,8,49.9977,71.5156,0.0,338,0.0,0.0,0.0,0.0,0.0,0.0,0.0,0.0,0.0,0.0
-93.727533954,44.8065074483,8,50.8709,71.6989,0.0,339,0.0,0.0,0.0,0.0,0.0,0.0,0.0,0.0,0.0,0.0
-93.689600565,44.8067428087,8,51.8773,71.8701,0.0,340,0.0,0.0,0.0,0.0,0.0,0.0,2.0,0.0,0.0,0.0
-93.6516667231,44.8069655704,8,53.0142,72.0371,0.0,341,0.0,0.0,0.0,0.0,0.0,0.0,0.0,0.0,0.0,0.0
-93.6137324532,44.807175733,8,54.3968,72.0651,0.0,342,0.0,0.0,0.0,0.0,0.0,0.0,0.0,0.0,0.0,0.0
-93.5757977802,44.8073732961,8,55.8862,72.2435,0.0,343,0.0,0.0,0.0,0.0,2.0,1.0,2.0,0.0,1.0,0.0
-93.5378627289,44.8075582595,8,57.0513,72.4229,0.0,344,1.0,0.0,1.0,3.0,5.0,5.0,35.0,20.0,26.0,0.0
-93.4999273244,44.8077306227,8,58.0916,72.7295,0.0,345,0.0,0.0,0.0,3.0,0.0,1.0,17.0,5.0,5.0,0.0
-93.4619915915,44.8078903855,8,58.1504,72.8432,0.0,346,0.0,0.0,0.0,0.0,0.0,0.0,0.0,0.0,0.0,0.0
-93.4240555551,44.8080375476,8,57.3736,72.9629,0.0,347,0.0,0.0,0.0,0.0,0.0,0.0,0.0,0.0,0.0,0.0
-93.3861192401,44.8081721087,8,55.9324,73.142,0.0,348,0.0,0.0,0.0,1.0,1.0,1.0,23.0,1.0,9.0,0.0
-93.3481826716,44.8082940687,8,54.3787,73.4161,0.0,349,0.0,0.0,0.0,2.0,3.0,3.0,32.0,13.0,14.0,0.0
-93.3102458742,44.8084034272,8,53.4078,73.6895,0.0,350,0.0,0.0,0.0,1.0,1.0,2.0,17.0,5.0,5.0,0.0
-93.2723088731,44.8085001842,8,53.342,73.6946,0.0,351,0.0,0.0,1.0,0.0,2.0,0.0,8.0,7.0,3.0,0.0
-93.2343716931,44.8085843394,8,53.7775,73.3202,0.0,352,0.0,0.0,0.0,7.0,1.0,2.0,38.0,8.0,4.0,0.0
-93.1964343592,44.8086558926,8,54.1044,72.8368,0.0,353,0.0,0.0,1.0,19.0,1.0,4.0,119.0,15.0,23.0,0.0
-93.1584968962,44.8087148438,8,54.2539,72.4989,0.0,354,0.0,0.0,0.0,1.0,1.0,2.0,24.0,17.0,6.0,0.0
-93.1205593291,44.8087611929,8,54.347,72.3554,0.0,355,0.0,0.0,0.0,0.0,2.0,1.0,10.0,0.0,4.0,0.0
-93.0826216828,44.8087949398,8,54.4019,72.3172,0.0,356,0.0,0.0,0.0,0.0,0.0,0.0,0.0,2.0,0.0,0.0
-93.0446839822,44.8088160843,8,54.3709,72.261,0.0,357,0.0,0.0,0.0,2.0,1.0,1.0,17.0,8.0,12.0,0.0
-93.0067462522,44.8088246266,8,54.2918,72.1684,0.0,358,0.0,0.0,0.0,0.0,0.0,0.0,0.0,0.0,0.0,0.0
-92.9688085178,44.8088205665,8,54.227,72.073,0.0,359,1.0,0.0,0.0,0.0,1.0,1.0,3.0,0.0,3.0,0.0
-92.9308708039,44.808803904,8,54.1936,71.9831,0.0,360,1.0,0.0,1.0,3.0,5.0,8.0,59.0,22.0,28.0,0.0
-92.8929331354,44.8087746393,8,54.1872,71.8942,0.0,361,0.0,0.0,0.0,0.0,0.0,0.0,0.0,0.0,1.0,0.0
-92.8549955373,44.8087327723,8,54.2015,71.8049,0.0,362,0.0,0.0,0.0,0.0,0.0,0.0,0.0,0.0,0.0,0.0
-92.8170580344,44.8086783032,8,54.2306,71.7186,0.0,363,0.0,0.0,0.0,0.0,0.0,0.0,0.0,0.0,0.0,0.0
-92.7791206517,44.8086112319,8,54.1443,71.6314,0.0,364,0.0,0.0,0.0,0.0,0.0,0.0,0.0,0.0,0.0,0.0
-93.9935165324,44.8315097837,8,47.6018,70.4414,0.0,365,0.0,0.0,0.0,0.0,0.0,0.0,0.0,0.0,0.0,0.0
-93.9555693096,44.8318336252,8,47.7385,70.5382,0.0,366,0.0,0.0,0.0,0.0,0.0,0.0,0.0,0.0,0.0,0.0
-93.9176214585,44.8321448596,8,47.9473,70.737,0.0,367,0.0,0.0,0.0,0.0,0.0,0.0,0.0,0.0,0.0,0.0
-93.8796730041,44.8324434863,8,48.0905,70.8736,0.0,368,0.0,0.0,0.0,0.0,0.0,0.0,0.0,0.0,0.0,0.0
-93.8417239712,44.8327295047,8,48.3499,70.9962,0.0,369,0.0,0.0,0.0,0.0,0.0,0.0,0.0,0.0,0.0,0.0
-93.8037743848,44.8330029145,8,48.9094,71.1917,0.0,370,0.0,0.0,1.0,6.0,3.0,7.0,48.0,13.0,19.0,0.0
-93.7658242699,44.8332637151,8,49.766,71.3838,0.0,371,0.0,0.0,2.0,1.0,1.0,1.0,15.0,8.0,4.0,0.0
-93.7278736514,44.833511906,8,50.8104,71.6255,0.0,372,0.0,0.0,0.0,1.0,0.0,0.0,1.0,0.0,0.0,0.0
-93.6899225543,44.8337474868,8,52.0168,71.8558,0.0,373,0.0,0.0,1.0,0.0,0.0,0.0,0.0,0.0,0.0,0.0
-93.6519710034,44.8339704572,8,53.3868,72.0761,0.0,374,0.0,0.0,0.0,0.0,0.0,0.0,1.0,0.0,0.0,0.0
-93.6140190238,44.8341808167,8,55.0358,72.1617,0.0,375,0.0,0.0,0.0,0.0,0.0,0.0,0.0,0.0,0.0,0.0
-93.5760666403,44.8343785649,8,56.842,72.3699,0.0,376,0.0,0.0,0.0,0.0,0.0,0.0,0.0,0.0,0.0,0.0
-93.5381138781,44.8345637015,8,58.3799,72.5665,0.0,377,0.0,0.0,0.0,0.0,0.0,0.0,2.0,0.0,2.0,0.0
-93.5001607619,44.8347362262,8,59.7411,72.8551,0.0,378,0.0,0.0,0.0,0.0,0.0,0.0,2.0,0.0,1.0,0.0
-93.4622073167,44.8348961387,8,59.9615,72.9451,0.0,379,0.0,0.0,0.0,0.0,1.0,0.0,0.0,0.0,0.0,0.0
-93.4242535676,44.8350434386,8,58.9848,73.0201,0.0,380,0.0,0.0,0.0,2.0,2.0,3.0,10.0,0.0,3.0,0.0
-93.3862995394,44.8351781258,8,57.0682,73.1375,0.0,381,0.0,0.0,0.0,1.0,0.0,2.0,10.0,4.0,3.0,0.0
-93.3483452572,44.8353002001,8,55.0757,73.3389,0.0,382,0.0,0.0,0.0,0.0,0.0,0.0,1.0,0.0,2.0,0.0
-93.3103907459,44.835409661,8,53.8721,73.5436,0.0,383,0.0,0.0,2.0,2.0,8.0,10.0,53.0,23.0,30.0,0.0
-93.2724360304,44.8355065086,8,53.6828,73.514,0.0,384,0.0,1.0,0.0,14.0,13.0,13.0,126.0,57.0,69.0,0.0
-93.2344811357,44.8355907426,8,54.001,73.1797,0.0,385,0.0,0.0,0.0,0.0,3.0,2.0,21.0,5.0,5.0,0.0
-93.1965260868,44.8356623629,8,54.2126,72.7368,0.0,386,2.0,0.0,0.0,3.0,9.0,3.0,22.0,9.0,14.0,0.0
-93.1585709086,44.8357213694,8,54.3031,72.4308,0.0,387,1.0,0.0,2.0,15.0,25.0,19.0,223.0,52.0,85.0,0.0
-93.1206156261,44.8357677619,8,54.4159,72.3477,0.0,388,0.0,0.0,1.0,1.0,9.0,2.0,19.0,7.0,12.0,0.0
-93.0826602643,44.8358015403,8,54.5183,72.3802,0.0,389,0.0,0.0,0.0,2.0,0.0,1.0,8.0,5.0,1.0,0.0
-93.0447048482,44.8358227047,8,54.4522,72.3164,0.0,390,0.0,0.0,0.0,0.0,1.0,1.0,12.0,15.0,9.0,0.0
-93.0067494026,44.835831255,8,54.3175,72.1944,0.0,391,0.0,0.0,1.0,2.0,2.0,3.0,19.0,6.0,8.0,0.0
-92.9687939526,44.8358271911,8,54.2306,72.0987,0.0,392,0.0,0.0,0.0,3.0,7.0,2.0,55.0,17.0,21.0,0.0
-92.930838523,44.835810513,8,54.1939,72.0233,0.0,393,0.0,0.0,0.0,0.0,0.0,0.0,1.0,4.0,0.0,0.0
-92.892883139,44.8357812209,8,54.1878,71.9503,0.0,394,0.0,0.0,0.0,0.0,1.0,1.0,7.0,5.0,4.0,0.0
-92.8549278255,44.8357393147,8,54.0905,71.8661,0.0,395,0.0,0.0,0.0,0.0,0.0,0.0,0.0,0.0,0.0,0.0
-92.8169726073,44.8356847945,8,54.0944,71.7845,0.0,396,0.0,0.0,0.0,0.0,0.0,0.0,0.0,0.0,0.0,0.0
-92.7790175096,44.8356176604,8,54.1073,71.7076,0.0,397,0.0,0.0,0.0,0.0,0.0,0.0,0.0,0.0,0.0,0.0
-93.9939808151,44.8585122357,8,47.2893,70.152,0.0,398,0.0,0.0,0.0,0.0,0.0,0.0,0.0,0.0,0.0,0.0
-93.9560158658,44.8588363805,8,47.4423,70.2856,0.0,399,0.0,0.0,0.0,0.0,0.0,0.0,0.0,0.0,0.0,0.0
-93.9180502871,44.8591479064,8,47.7179,70.6055,0.0,400,0.0,0.0,0.0,0.0,0.0,0.0,0.0,0.0,0.0,0.0
-93.880084104,44.8594468128,8,47.7735,70.7532,0.0,401,0.0,0.0,0.0,0.0,0.0,0.0,0.0,0.0,0.0,0.0
-93.8421173415,44.8597330992,8,47.9641,70.8429,0.0,402,0.0,0.0,0.0,0.0,0.0,0.0,0.0,0.0,0.0,0.0
-93.8041500246,44.8600067651,8,48.5736,71.0463,0.0,403,0.0,0.0,0.0,0.0,0.0,0.0,0.0,0.0,0.0,0.0
-93.7661821783,44.86026781,8,49.5319,71.3315,0.0,404,0.0,0.0,0.0,0.0,0.0,0.0,3.0,0.0,2.0,0.0
-93.7282138275,44.8605162334,8,50.7519,71.5667,0.0,405,0.0,0.0,0.0,0.0,0.0,1.0,1.0,0.0,0.0,0.0
-93.6902449972,44.8607520349,8,52.1451,71.8467,0.0,406,0.0,0.0,1.0,0.0,0.0,0.0,1.0,1.0,1.0,0.0
-93.6522757124,44.8609752141,8,53.8176,71.9491,0.0,407,0.0,0.0,0.0,1.0,3.0,2.0,29.0,20.0,15.0,0.0
-93.6143059981,44.8611857707,8,55.6462,72.2509,0.0,408,0.0,0.0,0.0,0.0,0.0,0.0,0.0,0.0,0.0,0.0
-93.5763358793,44.8613837041,8,57.7947,72.4871,0.0,409,0.0,0.0,0.0,0.0,1.0,0.0,14.0,7.0,3.0,0.0
-93.5383653811,44.8615690142,8,59.809,72.7028,0.0,410,0.0,0.0,0.0,6.0,9.0,8.0,95.0,46.0,32.0,0.0
-93.5003945283,44.8617417005,8,61.6825,72.9717,0.0,411,0.0,0.0,1.0,3.0,4.0,9.0,43.0,20.0,13.0,0.0
-93.462423346,44.8619017628,8,62.2798,73.0433,0.0,412,0.0,0.0,4.0,3.0,6.0,9.0,43.0,28.0,36.0,0.0
-93.4244518592,44.8620492007,8,61.1516,73.0741,0.0,413,2.0,0.0,1.0,25.0,24.0,28.0,272.0,106.0,113.0,0.0
-93.3864800928,44.8621840141,8,58.6835,73.121,0.0,414,0.0,0.0,2.0,4.0,4.0,10.0,40.0,21.0,15.0,0.0
-93.348508072,44.8623062027,8,56.2188,73.2261,0.0,415,0.0,0.0,2.0,4.0,16.0,16.0,109.0,136.0,71.0,0.0
-93.3105358217,44.8624157662,8,54.735,73.3297,0.0,416,1.0,0.0,1.0,17.0,22.0,23.0,195.0,145.0,116.0,0.0
-93.2725633668,44.8625127045,8,54.2746,73.2455,0.0,417,0.0,0.0,2.0,14.0,21.0,16.0,151.0,39.0,73.0,0.0
-93.2345907325,44.8625970175,8,54.3154,72.9708,0.0,418,0.0,0.0,0.0,46.0,18.0,21.0,370.0,42.0,86.0,0.0
-93.1966179437,44.8626687049,8,54.3145,72.5978,0.0,419,0.0,0.0,0.0,0.0,1.0,0.0,1.0,0.0,1.0,0.0
-93.1586450254,44.8627277666,8,54.3057,72.334,0.0,420,0.0,0.0,3.0,5.0,15.0,9.0,44.0,30.0,34.0,0.0
-93.1206720026,44.8627742025,8,54.4443,72.3265,0.0,421,0.0,0.0,0.0,1.0,4.0,3.0,14.0,10.0,7.0,0.0
-93.0826989003,44.8628080127,8,54.6461,72.4717,0.0,422,0.0,0.0,1.0,0.0,0.0,0.0,3.0,1.0,1.0,0.0
-93.0447257436,44.8628291969,8,54.5097,72.3552,0.0,423,1.0,0.0,1.0,1.0,7.0,4.0,67.0,40.0,33.0,0.0
-93.0067525574,44.8628377551,8,54.3026,72.1827,0.0,424,0.0,0.0,0.0,4.0,2.0,2.0,26.0,10.0,15.0,0.0
-92.9687793668,44.8628336874,8,54.2072,72.0976,0.0,425,0.0,0.0,0.0,0.0,0.0,0.0,0.0,0.0,0.0,0.0
-92.9308061967,44.8628169937,8,54.1791,72.0461,0.0,426,0.0,0.0,0.0,0.0,0.0,0.0,0.0,0.0,0.0,0.0
-92.8928330722,44.8627876742,8,54.083,71.986,0.0,427,0.0,0.0,0.0,0.0,0.0,0.0,0.0,0.0,0.0,0.0
-92.8548600182,44.8627457287,8,54.0719,71.9196,0.0,428,0.0,0.0,0.0,0.0,0.0,0.0,0.0,0.0,0.0,0.0
-92.8168870599,44.8626911574,8,54.0698,71.847,0.0,429,0.0,0.0,0.0,0.0,0.0,0.0,0.0,0.0,1.0,0.0
-92.7789142221,44.8626239605,8,54.0738,71.7748,0.0,430,0.0,0.0,0.0,0.0,0.0,0.0,0.0,0.0,1.0,0.0
-93.994445752,44.8855145556,8,47.0301,69.8936,0.0,431,0.0,0.0,0.0,0.0,0.0,0.0,0.0,0.0,0.0,0.0
-93.9564630513,44.8858390041,8,47.2018,70.0624,0.0,432,0.0,0.0,0.0,0.0,1.0,0.0,1.0,4.0,2.0,0.0
-93.9184797201,44.8861508218,8,47.5872,70.5461,0.0,433,0.0,0.0,0.0,0.0,0.0,0.0,0.0,0.0,0.0,0.0
-93.8804957834,44.8864500082,8,47.5525,70.7063,0.0,434,0.0,0.0,0.0,0.0,1.0,0.0,5.0,9.0,6.0,0.0
-93.8425112663,44.8867365628,8,47.6861,70.7537,0.0,435,0.0,0.0,0.0,0.0,0.0,0.0,0.0,0.0,0.0,0.0
-93.8045261939,44.887010485,8,48.3393,70.9553,0.0,436,0.0,0.0,0.0,0.0,0.0,0.0,0.0,0.0,0.0,0.0
-93.7665405911,44.8872717744,8,49.3878,71.2626,0.0,437,0.0,0.0,0.0,0.0,0.0,0.0,0.0,0.0,0.0,0.0
-93.728554483,44.8875204305,8,50.7069,71.5994,0.0,438,0.0,0.0,0.0,0.0,0.0,0.0,0.0,0.0,1.0,0.0
-93.6905678946,44.8877564529,8,52.2718,71.8487,0.0,439,0.0,0.0,0.0,0.0,0.0,0.0,0.0,0.0,0.0,0.0
-93.6525808509,44.8879798412,8,54.082,71.9603,0.0,440,0.0,0.0,0.0,0.0,0.0,0.0,2.0,0.0,0.0,0.0
-93.614593377,44.888190595,8,56.1034,72.2567,0.0,441,0.0,0.0,0.0,0.0,0.0,0.0,1.0,3.0,3.0,0.0
-93.5766054978,44.8883887139,8,58.6297,72.5921,0.0,442,0.0,0.0,1.0,5.0,2.0,4.0,42.0,29.0,16.0,0.0
-93.5386172386,44.8885741975,8,61.2613,72.9138,0.0,443,0.0,0.0,0.0,1.0,0.0,1.0,3.0,1.0,1.0,0.0
-93.5006286242,44.8887470456,8,63.7244,73.073,0.0,444,0.0,0.0,0.0,0.0,0.0,0.0,7.0,4.0,2.0,0.0
-93.4626396797,44.8889072578,8,64.9418,73.1339,0.0,445,1.0,0.0,2.0,4.0,1.0,5.0,17.0,9.0,16.0,0.0
-93.4246504302,44.8890548339,8,63.679,73.1317,0.0,446,0.0,0.0,0.0,4.0,8.0,5.0,49.0,66.0,30.0,0.0
-93.3866609007,44.8891897736,8,60.5249,73.1191,0.0,447,1.0,0.0,0.0,4.0,4.0,4.0,19.0,30.0,14.0,0.0
-93.3486711163,44.8893120766,8,57.5147,73.1377,0.0,448,0.0,0.0,0.0,2.0,2.0,1.0,18.0,42.0,19.0,0.0
-93.310681102,44.8894217428,8,55.6762,73.1498,0.0,449,0.0,0.0,1.0,37.0,10.0,26.0,280.0,37.0,78.0,0.0
-93.2726908828,44.8895187719,8,54.8703,73.0132,0.0,450,1.0,0.0,0.0,4.0,13.0,12.0,109.0,46.0,56.0,0.0
-93.2347004838,44.8896031638,8,54.5978,72.7786,0.0,451,0.0,0.0,0.0,1.0,8.0,0.0,22.0,2.0,9.0,0.0
-93.19670993,44.8896749184,8,54.3707,72.4559,0.0,452,0.0,0.0,0.0,4.0,11.0,0.0,26.0,2.0,10.0,0.0
-93.1587192466,44.8897340354,8,54.2301,72.1953,0.0,453,0.0,0.0,0.0,0.0,2.0,1.0,11.0,9.0,2.0,0.0
-93.1207284584,44.8897805149,8,54.3242,72.1904,0.0,454,0.0,0.0,1.0,5.0,2.0,2.0,30.0,35.0,14.0,0.0
-93.0827375907,44.8898143567,8,54.6169,72.4414,0.0,455,2.0,0.0,1.0,19.0,18.0,16.0,163.0,56.0,62.0,0.0
-93.0447466684,44.8898355607,8,54.4236,72.2691,0.0,456,0.0,0.0,2.0,5.0,4.0,3.0,61.0,36.0,37.0,0.0
-93.0067557166,44.889844127,8,54.2126,72.1061,0.0,457,0.0,0.0,0.0,2.0,2.0,2.0,14.0,10.0,13.0,0.0
-92.9687647604,44.8898400555,8,54.1528,72.072,0.0,458,0.0,0.0,0.0,0.0,0.0,0.0,1.0,3.0,0.0,0.0
-92.9307738248,44.8898233462,8,54.0728,72.0513,0.0,459,0.0,0.0,0.0,0.0,0.0,0.0,2.0,0.0,0.0,0.0
-92.8927829347,44.8897939991,8,54.0586,72.017,0.0,460,0.0,0.0,0.0,0.0,0.0,0.0,1.0,1.0,1.0,0.0
-92.8547921154,44.8897520144,8,54.0499,71.9644,0.0,461,0.0,0.0,0.0,0.0,0.0,0.0,0.0,0.0,0.0,0.0
-92.8168013919,44.889697392,8,54.0446,71.9005,0.0,462,0.0,0.0,0.0,0.0,0.0,0.0,0.0,0.0,0.0,0.0
-92.7788107891,44.8896301321,8,54.0421,71.8333,0.0,463,0.0,0.0,0.0,0.0,1.0,0.0,1.0,0.0,2.0,0.0
-93.9949113445,44.9125167436,8,46.9594,69.8222,0.0,464,0.0,0.0,0.0,0.0,0.0,0.0,0.0,0.0,0.0,0.0
-93.9569108672,44.9128414959,8,47.1328,69.9945,0.0,465,0.0,0.0,0.0,0.0,0.0,0.0,4.0,0.0,0.0,0.0
-93.9189097584,44.9131536057,8,47.5572,70.5296,0.0,466,0.0,0.0,0.0,0.0,0.0,1.0,1.0,0.0,0.0,0.0
-93.8809080432,44.9134530724,8,47.5072,70.7011,0.0,467,0.0,0.0,0.0,0.0,0.0,0.0,0.0,0.0,0.0,0.0
-93.8429057465,44.9137398953,8,47.6259,70.7353,0.0,468,0.0,0.0,0.0,0.0,0.0,0.0,0.0,0.0,0.0,0.0
-93.8049028935,44.9140140742,8,48.2865,70.9302,0.0,469,0.0,0.0,0.0,0.0,0.0,0.0,0.0,0.0,0.0,0.0
-93.7668995093,44.9142756083,8,49.3669,71.2422,0.0,470,0.0,0.0,0.0,0.0,0.0,0.0,0.0,0.0,0.0,0.0
-93.7288956188,44.9145244974,8,50.745,71.5948,0.0,471,0.0,0.0,0.0,0.0,0.0,0.0,0.0,0.0,0.0,0.0
-93.6908912472,44.9147607409,8,52.3483,71.7811,0.0,472,0.0,0.0,0.0,0.0,0.0,0.0,0.0,0.0,1.0,0.0
-93.6528864196,44.9149843384,8,54.3138,72.0131,0.0,473,0.0,0.0,0.0,0.0,2.0,0.0,4.0,3.0,2.0,0.0
-93.614881161,44.9151952896,8,56.5973,72.4439,0.0,474,0.0,0.0,0.0,0.0,0.0,0.0,1.0,0.0,1.0,0.0
-93.5768754965,44.9153935941,8,59.2919,72.7786,0.0,475,0.0,0.0,1.0,5.0,5.0,2.0,58.0,21.0,26.0,0.0
-93.5388694512,44.9155792515,8,62.1847,72.9913,0.0,476,0.0,0.0,0.0,0.0,3.0,1.0,23.0,8.0,4.0,0.0
-93.5008630502,44.9157522615,8,65.3984,73.1452,0.0,477,0.0,0.0,2.0,5.0,5.0,6.0,64.0,36.0,23.0,0.0
-93.4628563185,44.9159126238,8,67.3604,73.1984,0.0,478,0.0,0.0,1.0,1.0,3.0,5.0,47.0,34.0,21.0,0.0
-93.4248492813,44.9160603381,8,65.9232,73.1809,0.0,479,1.0,0.0,3.0,12.0,13.0,11.0,130.0,50.0,73.0,0.0
-93.3868419636,44.9161954042,8,62.041,73.1348,0.0,480,0.0,0.0,0.0,1.0,1.0,1.0,11.0,8.0,5.0,0.0
-93.3488343905,44.9163178218,8,58.5573,73.0941,0.0,481,0.0,0.0,1.0,4.0,7.0,9.0,74.0,57.0,40.0,0.0
-93.3108265871,44.9164275907,8,56.4138,73.0395,0.0,482,1.0,0.0,2.0,8.0,3.0,8.0,151.0,32.0,57.0,0.0
-93.2728185785,44.9165247108,8,55.3138,72.862,0.0,483,0.0,0.0,1.0,2.0,5.0,4.0,111.0,34.0,51.0,0.0
-93.2348103898,44.9166091817,8,54.7888,72.6442,0.0,484,0.0,0.0,0.0,3.0,2.0,4.0,90.0,20.0,32.0,0.0
-93.1968020461,44.9166810035,8,54.3738,72.3392,0.0,485,0.0,0.0,0.0,3.0,10.0,7.0,80.0,25.0,39.0,0.0
-93.1587935724,44.9167401759,8,54.0716,72.0097,0.0,486,0.0,0.0,1.0,5.0,2.0,8.0,67.0,34.0,29.0,0.0
-93.1207849939,44.9167866989,8,53.9124,71.7576,0.0,487,0.0,0.0,2.0,3.0,1.0,5.0,56.0,15.0,23.0,0.0
-93.0827763357,44.9168205724,8,53.9955,71.8005,0.0,488,0.0,0.0,0.0,5.0,18.0,10.0,107.0,26.0,45.0,0.0
-93.0447676228,44.9168417963,8,54.0333,71.8854,0.0,489,0.0,0.0,0.0,2.0,4.0,4.0,5.0,4.0,4.0,0.0
-93.0067588804,44.9168503706,8,54.0401,71.9647,0.0,490,0.0,0.0,0.0,0.0,0.0,0.0,1.0,1.0,0.0,0.0
-92.9687501335,44.9168462953,8,54.0201,72.0331,0.0,491,0.0,0.0,0.0,8.0,11.0,12.0,120.0,53.0,34.0,0.0
-92.9307414072,44.9168295704,8,54.0291,72.0593,0.0,492,0.0,0.0,0.0,1.0,3.0,1.0,35.0,13.0,9.0,0.0
-92.8927327266,44.9168001958,8,54.0301,72.0453,0.0,493,0.0,0.0,0.0,0.0,0.0,0.0,1.0,2.0,2.0,0.0
-92.8547241169,44.9167581717,8,54.0254,72.0039,0.0,494,0.0,0.0,0.0,0.0,0.0,0.0,0.0,0.0,0.0,0.0
-92.8167156031,44.9167034982,8,54.0183,71.9469,0.0,495,0.0,0.0,0.0,0.0,0.0,0.0,0.0,0.0,0.0,0.0
-92.7787072102,44.9166361753,8,54.0109,71.884,0.0,496,0.0,0.0,0.0,1.0,1.0,0.0,3.0,3.0,1.0,0.0
-92.7406989635,44.9165562031,8,54.0035,71.8219,0.0,497,0.0,0.0,0.0,0.0,0.0,0.0,0.0,0.0,0.0,0.0
-93.9953775935,44.9395187995,8,47.1105,69.9924,0.0,498,0.0,0.0,0.0,0.0,0.0,0.0,0.0,0.0,0.0,0.0
-93.9573593147,44.9398438561,8,47.2518,70.1297,0.0,499,0.0,0.0,0.0,0.0,0.0,0.0,0.0,0.0,0.0,0.0
-93.9193404033,44.9401562582,8,47.6196,70.5384,0.0,500,0.0,0.0,0.0,0.0,0.0,1.0,1.0,0.0,1.0,0.0
-93.8813208844,44.9404560053,8,47.6498,70.7113,0.0,501,0.0,0.0,0.0,0.0,0.0,0.0,0.0,0.0,0.0,0.0
-93.8433007831,44.940743097,8,47.8051,70.7781,0.0,502,0.0,0.0,0.0,0.0,0.0,0.0,0.0,0.0,0.0,0.0
-93.8052801244,44.9410175326,8,48.434,70.9688,0.0,503,0.0,0.0,0.0,0.0,0.0,0.0,0.0,0.0,0.0,0.0
-93.7672589336,44.9412793118,8,49.4846,71.2708,0.0,504,0.0,0.0,0.0,0.0,0.0,0.0,0.0,0.0,0.0,0.0
-93.7292372358,44.9415284339,8,50.8559,71.6223,0.0,505,0.0,0.0,0.0,0.0,0.0,0.0,0.0,0.0,0.0,0.0
-93.691215056,44.9417648987,8,52.537,71.8103,0.0,506,0.0,0.0,0.0,0.0,0.0,0.0,0.0,0.0,0.0,0.0
-93.6531924193,44.9419887057,8,54.5819,72.1749,0.0,507,1.0,0.0,0.0,5.0,7.0,3.0,32.0,25.0,24.0,0.0
-93.6151693509,44.9421998546,8,56.7207,72.5054,0.0,508,0.0,0.0,0.0,3.0,1.0,3.0,37.0,24.0,15.0,0.0
-93.577145876,44.9423983448,8,59.3987,72.8394,0.0,509,0.0,0.0,0.0,0.0,0.0,0.0,0.0,1.0,0.0,0.0
-93.5391220196,44.9425841761,8,62.3832,73.0434,0.0,510,0.0,0.0,0.0,0.0,0.0,0.0,0.0,0.0,0.0,0.0
-93.5010978068,44.9427573482,8,65.9619,73.1726,0.0,511,0.0,0.0,0.0,1.0,0.0,2.0,18.0,14.0,7.0,0.0
-93.4630732628,44.9429178607,8,68.4766,73.2188,0.0,512,0.0,0.0,0.0,0.0,1.0,3.0,11.0,2.0,5.0,0.0
-93.4250484128,44.9430657134,8,66.8574,73.2046,0.0,513,0.0,0.0,0.0,1.0,3.0,4.0,29.0,10.0,11.0,0.0
-93.3870232818,44.943200906,8,62.5968,73.1568,0.0,514,0.0,0.0,2.0,8.0,12.0,8.0,103.0,23.0,52.0,0.0
-93.348997895,44.9433234383,8,59.0299,73.0864,0.0,515,3.0,0.0,1.0,23.0,16.0,20.0,185.0,73.0,90.0,0.0
-93.3109722774,44.9434333101,8,56.8128,72.9893,0.0,516,0.0,0.0,0.0,8.0,12.0,13.0,194.0,70.0,79.0,0.0
-93.2729464544,44.9435305211,8,55.5918,72.8149,0.0,517,1.0,0.0,1.0,12.0,33.0,21.0,453.0,63.0,160.0,0.0
-93.2349204509,44.9436150712,8,54.8264,72.5988,0.0,518,1.0,0.0,2.0,10.0,20.0,16.0,206.0,25.0,89.0,0.0
-93.1968942921,44.9436869602,8,54.3517,72.283,0.0,519,0.0,0.0,1.0,5.0,2.0,6.0,59.0,12.0,22.0,0.0
-93.1588680031,44.9437461881,8,53.9038,71.8652,0.0,520,0.0,0.0,1.0,18.0,21.0,29.0,297.0,77.0,126.0,0.0
-93.1208416092,44.9437927547,8,53.3888,71.1714,0.0,521,0.0,0.0,1.0,7.0,11.0,6.0,206.0,49.0,90.0,0.0
-93.0828151353,44.9438266599,8,53.066,70.6928,0.0,522,1.0,0.0,1.0,14.0,29.0,16.0,181.0,86.0,72.0,0.0
-93.0447886067,44.9438479037,8,53.5273,71.3827,0.0,523,0.0,0.0,0.0,3.0,2.0,3.0,28.0,9.0,8.0,0.0
-93.0067620485,44.943856486,8,53.826,71.8435,0.0,524,0.0,0.0,0.0,3.0,6.0,3.0,73.0,18.0,26.0,0.0
-92.9687354859,44.9438524069,8,53.9421,72.0233,0.0,525,0.0,0.0,0.0,4.0,3.0,4.0,43.0,39.0,29.0,0.0
-92.9307089439,44.9438356663,8,53.9877,72.0806,0.0,526,0.0,0.0,0.0,12.0,20.0,18.0,192.0,83.0,78.0,0.0
-92.8926824477,44.9438062642,8,54.0017,72.0774,0.0,527,0.0,0.0,0.0,4.0,3.0,6.0,58.0,16.0,15.0,0.0
-92.8546560224,44.9437642008,8,54.0,72.0414,0.0,528,0.0,0.0,0.0,2.0,1.0,0.0,1.0,1.0,1.0,0.0
-92.8166296932,44.943709476,8,53.9909,71.9882,0.0,529,0.0,0.0,0.0,0.0,0.0,0.0,0.0,1.0,1.0,0.0
-92.7786034853,44.94364209,8,53.979,71.9279,0.0,530,0.0,0.0,0.0,0.0,3.0,0.0,14.0,14.0,5.0,0.0
-92.7405774236,44.9435620429,8,53.9662,71.8673,0.0,531,0.0,0.0,0.0,0.0,0.0,0.0,0.0,0.0,0.0,0.0
-93.9958445003,44.9665207234,8,47.3411,70.2382,0.0,532,0.0,0.0,0.0,0.0,0.0,0.0,0.0,0.0,0.0,0.0
-93.9578083948,44.9668460844,8,47.4661,70.333,0.0,533,0.0,0.0,0.0,0.0,0.0,0.0,0.0,0.0,0.0,0.0
-93.9197716557,44.9671587792,8,47.6967,70.5774,0.0,534,0.0,0.0,0.0,0.0,0.0,0.0,0.0,0.0,0.0,0.0
-93.881734308,44.9674588071,8,47.8953,70.7549,0.0,535,0.0,0.0,0.0,0.0,0.0,0.0,0.0,0.0,0.0,0.0
-93.8436963769,44.9677461676,8,48.1249,70.8629,0.0,536,0.0,0.0,0.0,0.0,0.0,0.0,0.0,0.0,0.0,0.0
-93.8056578875,44.9680208603,8,48.7233,71.0541,0.0,537,0.0,0.0,0.0,0.0,0.0,0.0,0.0,0.0,0.0,0.0
-93.7676188651,44.9682828847,8,49.7112,71.3394,0.0,538,0.0,0.0,0.0,0.0,0.0,0.0,0.0,0.0,0.0,0.0
-93.7295793347,44.9685322402,8,51.1004,71.6195,0.0,539,0.0,0.0,0.0,0.0,0.0,0.0,1.0,0.0,1.0,0.0
-93.6915393215,44.9687689266,8,52.6961,71.9803,0.0,540,0.0,0.0,0.0,0.0,0.0,0.0,0.0,0.0,0.0,0.0
-93.6534988507,44.9689929432,8,54.5626,72.2433,0.0,541,0.0,0.0,0.0,0.0,0.0,0.0,0.0,0.0,0.0,0.0
-93.6154579475,44.9692042898,8,56.6064,72.5606,0.0,542,0.0,0.0,0.0,0.0,0.0,0.0,0.0,0.0,0.0,0.0
-93.5774166369,44.969402966,8,59.0285,72.89,0.0,543,0.0,0.0,0.0,0.0,0.0,0.0,1.0,0.0,0.0,0.0
-93.5393749443,44.9695889714,8,61.6427,73.0815,0.0,544,0.0,0.0,0.0,0.0,0.0,0.0,0.0,7.0,3.0,0.0
-93.5013328947,44.9697623057,8,64.8479,73.1883,0.0,545,1.0,1.0,0.0,9.0,13.0,5.0,100.0,64.0,34.0,0.0
-93.4632905133,44.9699229686,8,67.1953,73.2104,0.0,546,0.0,0.0,1.0,7.0,11.0,12.0,98.0,68.0,48.0,0.0
-93.4252478253,44.9700709598,8,65.5945,73.2022,0.0,547,0.0,1.0,1.0,15.0,14.0,15.0,170.0,55.0,35.0,0.0
-93.3872048558,44.970206279,8,61.8042,73.1534,0.0,548,0.0,0.0,0.0,4.0,4.0,1.0,63.0,37.0,33.0,0.0
-93.3491616301,44.9703289261,8,58.8171,73.1046,0.0,549,1.0,0.0,4.0,8.0,10.0,12.0,124.0,101.0,71.0,0.0
-93.3111181733,44.9704389008,8,56.8564,72.9817,0.0,550,0.0,0.0,0.0,5.0,4.0,2.0,69.0,14.0,31.0,0.0
-93.2730745106,44.9705362028,8,55.6724,72.7939,0.0,551,0.0,0.0,3.0,27.0,32.0,30.0,409.0,172.0,192.0,0.0
-93.2350306672,44.9706208321,8,54.8648,72.5948,0.0,552,0.0,0.0,1.0,7.0,6.0,10.0,142.0,19.0,46.0,0.0
-93.1969866682,44.9706927885,8,54.347,72.3255,0.0,553,0.0,0.0,1.0,15.0,24.0,28.0,158.0,31.0,165.0,0.0
-93.1589425389,44.9707520719,8,53.8584,71.9412,0.0,554,0.0,0.0,1.0,4.0,5.0,10.0,80.0,27.0,47.0,0.0
-93.1208983043,44.9707986821,8,53.2244,71.0561,0.0,555,0.0,0.0,0.0,3.0,6.0,5.0,86.0,26.0,39.0,0.0
-93.0828539897,44.9708326191,8,52.7259,70.2063,0.0,556,0.0,0.0,2.0,3.0,17.0,4.0,155.0,46.0,61.0,0.0
-93.0448096203,44.9708538828,8,53.3628,71.3007,0.0,557,0.0,0.0,0.0,0.0,10.0,6.0,70.0,21.0,31.0,0.0
-93.0067652212,44.9708624732,8,53.7484,71.8875,0.0,558,0.0,0.0,1.0,0.0,2.0,0.0,21.0,12.0,12.0,0.0
-92.9687208176,44.9708583902,8,53.8993,72.0759,0.0,559,0.0,0.0,0.0,7.0,7.0,6.0,91.0,63.0,38.0,0.0
-92.9306764348,44.9708416339,8,53.9587,72.1259,0.0,560,0.0,0.0,0.0,0.0,2.0,0.0,0.0,2.0,0.0,0.0
-92.8926320978,44.9708122043,8,53.9768,72.1171,0.0,561,0.0,0.0,0.0,2.0,0.0,1.0,3.0,0.0,0.0,0.0
-92.8545878319,44.9707701015,8,53.9744,72.0789,0.0,562,0.0,0.0,0.0,0.0,0.0,0.0,1.0,0.0,0.0,0.0
-92.8165436622,44.9707153254,8,53.962,72.0255,0.0,563,0.0,0.0,0.0,0.0,0.0,0.0,0.0,0.0,0.0,0.0
-92.7784996139,44.9706478763,8,53.9453,71.966,0.0,564,0.0,0.0,0.0,0.0,0.0,0.0,2.0,1.0,2.0,0.0
-92.7404557123,44.9705677542,8,53.9274,71.906,0.0,565,0.0,0.0,0.0,0.0,0.0,0.0,0.0,0.0,0.0,0.0
-93.7679793044,44.9952863271,8,49.9935,71.4343,0.0,566,0.0,0.0,0.0,0.0,0.0,0.0,1.0,0.0,0.0,0.0
-93.7299219164,44.9955359163,8,51.3005,71.6999,0.0,567,0.0,0.0,0.0,0.0,0.0,0.0,1.0,1.0,0.0,0.0
-93.6918640447,44.9957728243,8,52.7827,72.0484,0.0,568,0.0,0.0,0.0,0.0,0.0,0.0,0.0,0.0,0.0,0.0
-93.6538057146,44.9959970508,8,54.4373,72.397,0.0,569,0.0,0.0,0.0,1.0,2.0,1.0,18.0,11.0,11.0,0.0
-93.6157469513,44.9962085953,8,56.2886,72.6125,0.0,570,0.0,0.0,0.0,0.0,0.0,0.0,0.0,0.0,0.0,0.0
-93.57768778,44.9964074576,8,58.2598,72.9403,0.0,571,0.0,0.0,0.0,3.0,4.0,2.0,32.0,18.0,20.0,0.0
-93.5396282259,44.9965936373,8,60.0828,73.1305,0.0,572,0.0,0.0,0.0,1.0,0.0,0.0,1.0,0.0,0.0,0.0
-93.5015683143,44.9967671339,8,62.0527,73.238,0.0,573,0.0,0.0,0.0,0.0,0.0,1.0,15.0,5.0,5.0,0.0
-93.4635080703,44.9969279473,8,63.3078,73.2548,0.0,574,2.0,0.0,3.0,8.0,13.0,15.0,66.0,33.0,36.0,0.0
-93.4254475192,44.9970760772,8,62.1621,73.2618,0.0,575,0.0,0.0,1.0,4.0,6.0,3.0,38.0,26.0,20.0,0.0
-93.3873866861,44.9972115232,8,59.8819,73.2148,0.0,576,0.0,0.0,4.0,11.0,17.0,12.0,115.0,59.0,56.0,0.0
-93.3493255964,44.9973342851,8,57.9855,73.1025,0.0,577,0.0,0.0,0.0,0.0,10.0,4.0,48.0,36.0,20.0,0.0
-93.3112642752,44.9974443628,8,56.6102,73.0037,0.0,578,0.0,0.0,0.0,1.0,2.0,3.0,45.0,9.0,19.0,0.0
-93.2732027477,44.9975417561,8,55.6229,72.8113,0.0,579,1.0,0.0,2.0,6.0,4.0,10.0,113.0,27.0,43.0,0.0
-93.2351410391,44.9976264647,8,54.8696,72.643,0.0,580,1.0,0.0,0.0,14.0,10.0,13.0,140.0,33.0,48.0,0.0
-93.1970791748,44.9976984885,8,54.3081,72.4756,0.0,581,1.0,0.0,1.0,1.0,4.0,5.0,21.0,8.0,63.0,0.0
-93.1590171798,44.9977578274,8,53.9828,72.3244,0.0,582,0.0,0.0,0.0,6.0,17.0,17.0,165.0,46.0,69.0,0.0
-93.1209550794,44.9978044812,8,53.6583,72.085,0.0,583,0.0,0.0,0.0,2.0,2.0,5.0,74.0,31.0,24.0,0.0
-93.0828928989,44.99783845,8,53.4286,71.6874,0.0,584,0.0,0.0,0.0,4.0,3.0,2.0,19.0,11.0,6.0,0.0
-93.0448306635,44.9978597336,8,53.6269,71.9745,0.0,585,0.0,0.0,0.0,1.0,1.0,1.0,21.0,11.0,11.0,0.0
-93.0067683983,44.9978683321,8,53.8045,72.1455,0.0,586,1.0,0.0,0.0,2.0,10.0,5.0,74.0,14.0,30.0,0.0
-92.9687061287,44.9978642453,8,53.9019,72.1971,0.0,587,0.0,0.0,0.0,0.0,0.0,1.0,18.0,7.0,11.0,0.0
-92.9306438798,44.9978474733,8,53.9456,72.1952,0.0,588,0.0,0.0,0.0,1.0,0.0,1.0,7.0,8.0,5.0,0.0
-92.8925816768,44.9978180161,8,53.9565,72.1643,0.0,589,0.0,0.0,0.0,1.0,2.0,0.0,11.0,13.0,10.0,0.0
-92.8545195451,44.9977758738,8,53.9485,72.1164,0.0,590,0.0,0.0,0.0,0.0,0.0,0.0,2.0,2.0,0.0,0.0
-92.8164575097,44.9977210465,8,53.9306,72.0593,0.0,591,0.0,0.0,0.0,0.0,0.0,0.0,0.0,0.0,0.0,0.0
-92.778395596,44.9976535342,8,53.9085,71.9986,0.0,592,0.0,0.0,0.0,0.0,0.0,0.0,0.0,0.0,0.0,0.0
-93.7683402526,45.0222896391,8,50.0924,71.4208,0.0,593,0.0,0.0,0.0,0.0,0.0,0.0,0.0,0.0,0.0,0.0
-93.7302649817,45.022539462,8,51.4948,71.7909,0.0,594,0.0,0.0,0.0,0.0,0.0,0.0,0.0,0.0,0.0,0.0
-93.6921892262,45.0227765919,8,52.8346,72.1217,0.0,595,0.0,0.0,0.0,1.0,2.0,1.0,1.0,0.0,1.0,0.0
-93.6541130116,45.0230010285,8,54.2885,72.4576,0.0,596,0.0,0.0,0.0,0.0,0.0,0.0,3.0,3.0,1.0,0.0
-93.6160363631,45.0232127712,8,55.8438,72.6628,0.0,597,0.0,0.0,0.0,0.0,0.0,0.0,0.0,0.0,0.0,0.0
-93.5779593058,45.0234118197,8,57.2858,72.9966,0.0,598,0.0,0.0,0.0,0.0,0.0,0.0,0.0,0.0,0.0,0.0
-93.5398818651,45.0235981738,8,58.1556,73.2083,0.0,599,0.0,0.0,0.0,0.0,0.0,0.0,1.0,0.0,0.0,0.0
-93.5018040663,45.023771833,8,58.5078,73.3648,0.0,600,0.0,0.0,1.0,2.0,2.0,4.0,38.0,7.0,10.0,0.0
-93.4637259345,45.023932797,8,58.1755,73.4398,0.0,601,0.0,0.0,0.0,6.0,11.0,18.0,108.0,85.0,63.0,0.0
-93.425647495,45.0240810656,8,57.7262,73.4414,0.0,602,0.0,0.0,0.0,0.0,0.0,2.0,15.0,6.0,8.0,0.0
-93.3875687732,45.0242166385,8,57.4333,73.3345,0.0,603,0.0,0.0,0.0,4.0,9.0,6.0,94.0,24.0,38.0,0.0
-93.3494897941,45.0243395155,8,56.8903,73.1717,0.0,604,0.0,0.0,0.0,5.0,10.0,4.0,75.0,24.0,32.0,0.0
-93.3114105832,45.0244496963,8,56.1406,72.9964,0.0,605,0.0,0.0,0.0,2.0,6.0,4.0,53.0,13.0,27.0,0.0
-93.2733311657,45.0245471808,8,55.3437,72.8271,0.0,606,0.0,1.0,3.0,5.0,8.0,8.0,62.0,5.0,31.0,0.0
-93.2352515668,45.0246319687,8,54.7207,72.6975,0.0,607,0.0,0.0,1.0,4.0,10.0,6.0,107.0,34.0,45.0,0.0
-93.1971718119,45.02470406,8,54.3558,72.6553,0.0,608,0.0,0.0,1.0,17.0,11.0,36.0,161.0,33.0,72.0,0.0
-93.1590919261,45.0247634545,8,54.1149,72.8045,0.0,609,0.0,0.0,2.0,27.0,16.0,20.0,267.0,47.0,70.0,0.0
-93.1210119347,45.024810152,8,54.2188,73.4749,0.0,610,0.0,0.0,1.0,0.0,4.0,2.0,50.0,49.0,31.0,0.0
-93.0829318631,45.0248441526,8,54.3797,73.9752,0.0,611,1.0,0.0,1.0,1.0,3.0,5.0,31.0,18.0,17.0,0.0
-93.0448517364,45.0248654562,8,54.0118,72.9171,0.0,612,0.0,0.0,1.0,7.0,10.0,6.0,58.0,17.0,19.0,0.0
-93.0067715799,45.0248740627,8,53.923,72.4908,0.0,613,3.0,0.0,0.0,14.0,18.0,17.0,240.0,52.0,74.0,0.0
-92.968691419,45.0248699721,8,53.9331,72.3505,0.0,614,0.0,0.0,1.0,2.0,0.0,3.0,31.0,10.0,12.0,0.0
-92.9306112788,45.0248531844,8,53.9435,72.276,0.0,615,0.0,0.0,0.0,0.0,0.0,0.0,0.0,0.0,1.0,0.0
-92.8925311847,45.0248236996,8,53.9385,72.214,0.0,616,1.0,0.0,0.0,0.0,1.0,0.0,4.0,0.0,0.0,0.0
-92.8544511619,45.0247815178,8,53.9207,72.152,0.0,617,0.0,0.0,0.0,0.0,0.0,0.0,0.0,1.0,1.0,0.0
-92.8163712357,45.0247266391,8,53.8953,72.0887,0.0,618,0.0,0.0,0.0,5.0,2.0,3.0,38.0,23.0,24.0,0.0
-92.7782914312,45.0246590636,8,53.867,72.0255,0.0,619,0.0,0.0,0.0,1.0,2.0,0.0,10.0,10.0,10.0,0.0
-93.7687017105,45.0492928205,8,50.3148,71.5261,0.0,620,0.0,0.0,0.0,0.0,0.0,0.0,0.0,0.0,0.0,0.0
-93.7306085314,45.0495428774,8,51.3212,71.7921,0.0,621,0.0,0.0,0.0,0.0,0.0,0.0,0.0,0.0,0.0,0.0
-93.692514867,45.0497802295,8,52.8488,72.1955,0.0,622,0.0,0.0,0.0,0.0,0.0,0.0,0.0,0.0,0.0,0.0
-93.6544207426,45.0500048763,8,54.0929,72.5156,0.0,623,0.0,0.0,0.0,0.0,0.0,1.0,8.0,2.0,4.0,0.0
-93.6163261836,45.0502168173,8,55.3346,72.7358,0.0,624,0.0,0.0,0.0,0.0,1.0,0.0,0.0,3.0,4.0,0.0
-93.5782312151,45.0504160523,8,56.3267,73.0547,0.0,625,0.0,0.0,0.0,1.0,0.0,0.0,3.0,2.0,2.0,0.0
-93.5401358625,45.050602581,8,56.4067,73.3029,0.0,626,0.0,0.0,3.0,3.0,2.0,8.0,42.0,22.0,21.0,0.0
-93.5020401512,45.0507764028,8,55.5291,73.5357,0.0,627,0.0,0.0,0.0,0.0,0.0,0.0,0.0,0.0,0.0,0.0
-93.4639441063,45.0509375176,8,54.0712,73.7063,0.0,628,0.0,0.0,0.0,0.0,0.0,0.0,0.0,0.0,0.0,0.0
-93.4258477533,45.0510859251,8,54.091,73.6924,0.0,629,0.0,0.0,0.0,3.0,0.0,6.0,18.0,8.0,1.0,0.0
-93.3877511173,45.051221625,8,55.26,73.4892,0.0,630,0.0,1.0,2.0,7.0,11.0,10.0,81.0,42.0,27.0,0.0
-93.3496542238,45.0513446171,8,55.8098,73.2545,0.0,631,1.0,0.0,1.0,9.0,13.0,8.0,112.0,23.0,39.0,0.0
-93.3115570979,45.0514549011,8,55.6184,73.0407,0.0,632,1.0,0.0,0.0,5.0,11.0,7.0,91.0,35.0,36.0,0.0
-93.2734597651,45.0515524769,8,55.1518,72.8692,0.0,633,0.0,0.0,2.0,5.0,4.0,10.0,34.0,3.0,13.0,0.0
-93.2353622507,45.0516373443,8,54.6751,72.7688,0.0,634,0.0,0.0,0.0,10.0,17.0,6.0,152.0,58.0,64.0,0.0
-93.1972645798,45.0517095031,8,54.3994,72.7993,0.0,635,0.0,0.0,1.0,1.0,11.0,1.0,37.0,14.0,21.0,0.0
-93.1591667779,45.0517689532,8,54.2276,73.0731,0.0,636,0.0,0.0,1.0,1.0,4.0,1.0,26.0,35.0,7.0,0.0
-93.1210688703,45.0518156946,8,54.342,73.7654,0.0,637,0.0,0.0,2.0,1.0,2.0,1.0,22.0,12.0,5.0,0.0
-93.0829708823,45.051849727,8,54.4369,74.1083,0.0,638,0.0,0.0,2.0,0.0,0.0,0.0,7.0,4.0,5.0,0.0
-93.0448728391,45.0518710505,8,54.1755,73.3064,0.0,639,0.0,0.0,1.0,5.0,6.0,5.0,27.0,4.0,18.0,0.0
-93.0067747661,45.0518796651,8,54.0161,72.737,0.0,640,0.0,0.0,0.0,1.0,4.0,3.0,30.0,26.0,18.0,0.0
-92.9686766886,45.0518755706,8,53.9659,72.4826,0.0,641,0.0,0.0,1.0,3.0,4.0,4.0,54.0,23.0,24.0,0.0
-92.9305786319,45.0518587672,8,53.9426,72.3498,0.0,642,0.0,0.0,1.0,0.0,0.0,0.0,0.0,0.0,1.0,0.0
-92.8924806213,45.0518292548,8,53.9182,72.2589,0.0,643,0.0,0.0,0.0,0.0,0.0,1.0,1.0,0.0,0.0,0.0
-92.8543826821,45.0517870335,8,53.8879,72.1827,0.0,644,0.0,0.0,0.0,0.0,0.0,0.0,6.0,10.0,3.0,0.0
-92.8162848397,45.0517321034,8,53.8538,72.1125,0.0,645,0.0,0.0,4.0,3.0,2.0,2.0,80.0,29.0,31.0,0.0
-92.7781871194,45.0516644646,8,53.8187,72.0464,0.0,646,0.0,0.0,0.0,0.0,0.0,0.0,0.0,0.0,0.0,0.0
-93.7690636789,45.0762958714,8,50.4878,71.6308,0.0,647,0.0,0.0,0.0,0.0,0.0,0.0,0.0,0.0,0.0,0.0
-93.7309525664,45.0765461626,8,51.3975,71.8755,0.0,648,0.0,0.0,0.0,0.0,2.0,1.0,17.0,4.0,5.0,0.0
-93.6928409678,45.076783737,8,52.8289,72.2659,0.0,649,0.0,0.0,0.0,0.0,1.0,0.0,0.0,1.0,0.0,0.0
-93.6547289083,45.0770085942,8,53.8793,72.5678,0.0,650,0.0,0.0,1.0,0.0,1.0,0.0,5.0,0.0,3.0,0.0
-93.6166164135,45.0772207338,8,54.8498,72.7505,0.0,651,0.0,0.0,0.0,0.0,0.0,0.0,1.0,0.0,1.0,0.0
-93.5785035085,45.0774201554,8,55.5014,73.1023,0.0,652,0.0,0.0,0.0,0.0,0.0,0.0,0.0,1.0,0.0,0.0
-93.5403902188,45.0776068588,8,55.1606,73.3785,0.0,653,0.0,0.0,1.0,0.0,1.0,0.0,0.0,1.0,1.0,0.0
-93.5022765696,45.0777808434,8,53.8563,73.6615,0.0,654,0.0,0.0,0.0,0.0,0.0,0.0,0.0,0.0,0.0,0.0
-93.4641625864,45.0779421092,8,52.2247,73.8841,0.0,655,0.0,0.0,0.0,1.0,3.0,0.0,19.0,35.0,15.0,0.0
-93.4260482944,45.0780906557,8,52.3563,73.8644,0.0,656,1.0,0.0,3.0,0.0,4.0,4.0,39.0,60.0,23.0,0.0
-93.3879337191,45.0782264827,8,53.9224,73.6077,0.0,657,0.0,0.0,5.0,7.0,8.0,12.0,67.0,43.0,45.0,0.0
-93.3498188857,45.07834959,8,54.9857,73.3224,0.0,658,0.0,0.0,1.0,3.0,3.0,3.0,41.0,3.0,21.0,0.0
-93.3117038196,45.0784599774,8,55.1738,73.0793,0.0,659,0.0,0.0,0.0,1.0,3.0,0.0,20.0,18.0,20.0,0.0
-93.2735885462,45.0785576445,8,54.9519,72.9056,0.0,660,0.0,0.0,1.0,7.0,7.0,7.0,49.0,10.0,18.0,0.0
-93.2354730909,45.0786425914,8,54.6152,72.8211,0.0,661,0.0,0.0,1.0,4.0,4.0,5.0,70.0,38.0,33.0,0.0
-93.1973574788,45.0787148178,8,54.4251,72.874,0.0,662,0.0,0.0,0.0,0.0,2.0,1.0,13.0,10.0,4.0,0.0
-93.1592417356,45.0787743236,8,54.2743,73.1141,0.0,663,0.0,0.0,0.0,0.0,1.0,1.0,16.0,7.0,2.0,0.0
-93.1211258863,45.0788211088,8,54.3033,73.5293,0.0,664,0.0,0.0,0.0,2.0,5.0,3.0,24.0,23.0,7.0,0.0
-93.0830099566,45.0788551731,8,54.3165,73.6758,0.0,665,0.0,0.0,0.0,0.0,3.0,0.0,2.0,2.0,2.0,0.0
-93.0448939715,45.0788765166,8,54.1849,73.2646,0.0,666,0.0,0.0,0.0,3.0,7.0,4.0,53.0,55.0,36.0,0.0
-93.0067779567,45.0788851392,8,54.0556,72.8281,0.0,667,0.0,0.0,1.0,5.0,6.0,5.0,79.0,41.0,44.0,0.0
-92.9686619373,45.0788810409,8,53.9812,72.5616,0.0,668,0.0,0.0,0.0,0.0,0.0,0.0,1.0,2.0,3.0,0.0
-92.9305459388,45.0788642217,8,53.9327,72.402,0.0,669,0.0,0.0,0.0,0.0,0.0,0.0,0.0,3.0,0.0,0.0
-92.8924299864,45.0788346817,8,53.8897,72.2922,0.0,670,0.0,0.0,0.0,0.0,0.0,0.0,0.0,0.0,0.0,0.0
-92.8543141056,45.0787924209,8,53.8464,72.205,0.0,671,0.0,0.0,1.0,0.0,0.0,0.0,3.0,0.0,2.0,0.0
-92.8161983218,45.0787374393,8,53.8029,72.1291,0.0,672,0.0,0.0,0.0,0.0,0.0,0.0,1.0,3.0,1.0,0.0
-92.7780826601,45.0786697371,8,53.7611,72.0604,0.0,673,0.0,0.0,0.0,0.0,0.0,0.0,0.0,0.0,0.0,0.0
-93.7312970875,45.1035493174,8,51.4256,71.9531,0.0,674,0.0,0.0,0.0,0.0,0.0,0.0,0.0,1.0,0.0,0.0
-93.6931675293,45.1037871144,8,52.7825,72.33,0.0,675,0.0,0.0,0.0,0.0,0.0,0.0,0.0,1.0,0.0,0.0
-93.6550375095,45.1040121822,8,53.669,72.6112,0.0,676,0.0,0.0,0.0,0.0,0.0,0.0,0.0,0.0,1.0,0.0
-93.6169070535,45.1042245205,8,54.4461,72.777,0.0,677,0.0,0.0,0.0,0.0,0.0,0.0,0.0,0.0,0.0,0.0
-93.5787761866,45.104424129,8,54.9223,73.1259,0.0,678,0.0,0.0,0.0,0.0,0.0,0.0,0.0,0.0,0.0,0.0
-93.5406449344,45.1046110072,8,54.4763,73.4056,0.0,679,1.0,0.0,0.0,4.0,0.0,2.0,19.0,2.0,8.0,0.0
-93.5025133221,45.1047851549,8,53.3105,73.6879,0.0,680,0.0,0.0,0.0,0.0,0.0,0.0,0.0,0.0,0.0,0.0
-93.4643813751,45.1049465717,8,52.0798,73.897,0.0,681,0.0,0.0,0.0,1.0,0.0,1.0,2.0,5.0,1.0,0.0
-93.4262491189,45.1050952573,8,52.1783,73.877,0.0,682,0.0,0.0,0.0,0.0,0.0,0.0,0.0,0.0,0.0,0.0
-93.3881165789,45.1052312116,8,53.4453,73.6355,0.0,683,1.0,0.0,6.0,17.0,16.0,25.0,191.0,50.0,98.0,0.0
-93.3499837803,45.1053544342,8,54.461,73.3444,0.0,684,0.0,0.0,1.0,2.0,3.0,3.0,24.0,17.0,16.0,0.0
-93.3118507486,45.105464925,8,54.8299,73.0985,0.0,685,1.0,0.0,0.0,2.0,8.0,5.0,75.0,30.0,33.0,0.0
-93.2737175093,45.1055626836,8,54.7656,72.9277,0.0,686,0.0,0.0,1.0,3.0,9.0,11.0,65.0,11.0,33.0,0.0
-93.2355840877,45.1056477101,8,54.5422,72.8484,0.0,687,0.0,0.0,0.0,4.0,8.0,5.0,51.0,36.0,38.0,0.0
-93.1974505091,45.1057200042,8,54.333,72.8835,0.0,688,0.0,0.0,0.0,2.0,0.0,5.0,48.0,15.0,16.0,0.0
-93.1593167991,45.1057795657,8,54.2869,73.0504,0.0,689,0.0,0.0,0.0,0.0,1.0,0.0,5.0,6.0,4.0,0.0
-93.1211829829,45.1058263947,8,54.2649,73.2643,0.0,690,0.0,0.0,0.0,0.0,0.0,0.0,0.0,1.0,2.0,0.0
-93.0830490861,45.1058604909,8,54.2354,73.3221,0.0,691,0.0,0.0,0.0,0.0,0.0,0.0,1.0,2.0,0.0,0.0
-93.0449151339,45.1058818544,8,54.1522,73.1064,0.0,692,0.0,0.0,0.0,0.0,0.0,0.0,0.0,0.0,0.0,0.0
-93.0067811518,45.1058904851,8,54.0525,72.8147,0.0,693,0.0,0.0,0.0,0.0,0.0,0.0,0.0,0.0,0.0,0.0
-92.9686471652,45.105886383,8,53.9713,72.5864,0.0,694,0.0,0.0,0.0,0.0,0.0,0.0,0.0,0.0,0.0,0.0
-92.9305131995,45.105869548,8,53.9056,72.4267,0.0,695,0.0,0.0,0.0,0.0,0.0,0.0,0.0,1.0,0.0,0.0
-92.89237928,45.1058399803,8,53.8469,72.3096,0.0,696,0.0,0.0,0.0,0.0,0.0,0.0,0.0,0.0,0.0,0.0
-92.8542454322,45.1057976799,8,53.7914,72.2163,0.0,697,0.0,0.0,0.0,0.0,0.0,0.0,0.0,0.0,0.0,0.0
-92.8161116815,45.1057426468,8,53.7391,72.1368,0.0,698,0.0,0.0,0.0,0.0,0.0,0.0,0.0,0.0,0.0,0.0
-92.7779780533,45.1056748812,8,53.6913,72.0666,0.0,699,0.0,0.0,0.0,0.0,0.0,0.0,0.0,0.0,0.0,0.0
-92.7398445729,45.1055943832,8,53.6491,72.0035,0.0,700,0.0,0.0,0.0,0.0,0.0,0.0,0.0,0.0,0.0,0.0
-93.7316420956,45.130552342,8,51.4083,72.0232,0.0,701,0.0,0.0,0.0,0.0,0.0,0.0,0.0,0.0,0.0,0.0
-93.6934945524,45.1307903617,8,52.2265,72.2553,0.0,702,0.0,0.0,0.0,0.0,0.0,0.0,0.0,0.0,0.0,0.0
-93.6553465468,45.1310156403,8,53.4734,72.6441,0.0,703,0.0,0.0,0.0,0.0,0.0,0.0,0.0,0.0,0.0,0.0
-93.6171981043,45.1312281775,8,54.1228,72.7855,0.0,704,0.0,0.0,0.0,1.0,0.0,1.0,3.0,1.0,0.0,0.0
-93.5790492502,45.131427973,8,54.4629,73.1337,0.0,705,0.0,0.0,0.0,0.0,0.0,0.0,1.0,0.0,1.0,0.0
-93.54090001,45.1316150263,8,54.1777,73.3801,0.0,706,0.0,0.0,0.0,1.0,0.0,0.0,1.0,0.0,1.0,0.0
-93.5027504092,45.1317893371,8,53.3594,73.6269,0.0,707,0.0,0.0,0.0,0.0,0.0,0.0,0.0,0.0,1.0,0.0
-93.4646004732,45.1319509051,8,52.59,73.7932,0.0,708,0.0,0.0,0.0,2.0,1.0,4.0,34.0,20.0,8.0,0.0
-93.4264502273,45.13209973,8,52.6502,73.7816,0.0,709,1.0,0.0,2.0,5.0,7.0,8.0,33.0,12.0,27.0,0.0
-93.3882996971,45.1322358116,8,53.4303,73.567,0.0,710,1.0,0.0,2.0,1.0,2.0,2.0,36.0,21.0,18.0,0.0
-93.350148908,45.1323591497,8,54.2378,73.3195,0.0,711,0.0,0.0,0.0,2.0,3.0,3.0,34.0,10.0,13.0,0.0
-93.3119978854,45.1324697439,8,54.5914,73.0923,0.0,712,0.0,0.0,0.0,0.0,0.0,0.0,1.0,0.0,0.0,0.0
-93.2738466547,45.1325675942,8,54.6021,72.9316,0.0,713,1.0,0.0,1.0,10.0,17.0,14.0,152.0,43.0,50.0,0.0
-93.2356952414,45.1326527003,8,54.4569,72.8526,0.0,714,0.0,0.0,1.0,0.0,4.0,4.0,37.0,23.0,28.0,0.0
-93.1975436709,45.1327250621,8,54.2962,72.8643,0.0,715,0.0,0.0,1.0,2.0,2.0,2.0,14.0,3.0,5.0,0.0
-93.1593919687,45.1327846794,8,54.2481,72.9697,0.0,716,0.0,0.0,1.0,2.0,3.0,4.0,43.0,17.0,21.0,0.0
-93.1212401602,45.1328315523,8,54.233,73.06,0.0,717,0.0,0.0,0.0,0.0,0.0,1.0,12.0,5.0,7.0,0.0
-93.0830882709,45.1328656804,8,54.1785,73.0756,0.0,718,0.0,0.0,0.0,0.0,0.0,0.0,0.0,0.0,0.0,0.0
-93.0449363262,45.1328870639,8,54.1056,72.948,0.0,719,0.0,0.0,0.0,0.0,0.0,0.0,1.0,4.0,0.0,0.0
-93.0067843514,45.1328957027,8,54.0181,72.7531,0.0,720,0.0,0.0,0.0,0.0,3.0,1.0,4.0,6.0,3.0,0.0
-92.9686323722,45.1328915967,8,53.9331,72.571,0.0,721,0.0,0.0,0.0,0.0,0.0,0.0,0.0,0.0,0.0,0.0
-92.9304804139,45.1328747461,8,53.8554,72.425,0.0,722,0.0,0.0,0.0,0.0,0.0,0.0,0.0,1.0,0.0,0.0
-92.8923285019,45.1328451507,8,53.784,72.3095,0.0,723,0.0,0.0,0.0,0.0,0.0,0.0,1.0,0.0,0.0,0.0
-92.8541766617,45.1328028106,8,53.7183,72.215,0.0,724,0.0,0.0,0.0,0.0,0.0,0.0,0.0,0.0,0.0,0.0
-92.8160249188,45.132747726,8,53.6586,72.1345,0.0,725,0.0,0.0,0.0,0.0,0.0,0.0,0.0,0.0,0.0,0.0
-92.7778732986,45.1326798969,8,53.6061,72.0642,0.0,726,0.0,0.0,0.0,0.0,0.0,0.0,0.0,0.0,0.0,0.0
-92.7397218265,45.1325993234,8,53.5614,72.0018,0.0,727,0.0,0.0,0.0,0.0,0.0,0.0,0.0,0.0,0.0,0.0
-93.6938220379,45.1577934789,8,52.2716,72.4672,0.0,728,0.0,0.0,0.0,0.0,0.0,0.0,0.0,0.0,0.0,0.0
-93.6556560211,45.1580189686,8,53.0739,72.5653,0.0,729,0.0,0.0,0.0,0.0,0.0,0.0,0.0,0.0,0.0,0.0
-93.6174895666,45.1582317049,8,54.0322,72.8629,0.0,730,0.0,0.0,0.0,1.0,0.0,1.0,2.0,0.0,0.0,0.0
-93.5793226999,45.1584316874,8,54.2065,73.1,0.0,731,0.0,0.0,0.0,0.0,0.0,0.0,0.0,0.0,0.0,0.0
-93.5411554464,45.158618916,8,54.0753,73.3168,0.0,732,0.0,0.0,0.0,0.0,0.0,0.0,1.0,0.0,0.0,0.0
-93.5029878316,45.15879339,8,53.581,73.5182,0.0,733,0.0,0.0,1.0,2.0,0.0,1.0,7.0,3.0,2.0,0.0
-93.464819881,45.1589551094,8,53.1509,73.6432,0.0,734,0.0,0.0,0.0,0.0,0.0,0.0,1.0,0.0,1.0,0.0
-93.4266516201,45.1591040738,8,53.1946,73.6361,0.0,735,0.0,0.0,0.0,0.0,0.0,0.0,0.0,1.0,1.0,0.0
-93.3884830743,45.1592402829,8,53.6166,73.4511,0.0,736,0.0,0.0,2.0,5.0,7.0,5.0,61.0,34.0,27.0,0.0
-93.3503142692,45.1593637364,8,54.1667,73.2577,0.0,737,0.0,0.0,0.0,2.0,1.0,1.0,23.0,24.0,17.0,0.0
-93.3121452301,45.1594744343,8,54.4317,73.0619,0.0,738,0.0,0.0,0.0,2.0,1.0,1.0,19.0,14.0,10.0,0.0
-93.2739759827,45.1595723762,8,54.4597,72.9167,0.0,739,1.0,0.0,0.0,6.0,4.0,6.0,60.0,29.0,34.0,0.0
-93.2358065523,45.159657562,8,54.3598,72.8376,0.0,740,0.0,0.0,0.0,4.0,6.0,6.0,52.0,18.0,20.0,0.0
-93.1976369645,45.1597299916,8,54.2701,72.8364,0.0,741,0.0,0.0,0.0,0.0,3.0,0.0,14.0,10.0,7.0,0.0
-93.1594672447,45.1597896648,8,54.2024,72.884,0.0,742,1.0,0.0,0.0,5.0,8.0,6.0,59.0,13.0,19.0,0.0
-93.1212974184,45.1598365815,8,54.1265,72.9304,0.0,743,0.0,0.0,0.0,0.0,2.0,1.0,3.0,3.0,3.0,0.0
-93.0831275111,45.1598707417,8,54.118,72.8991,0.0,744,0.0,0.0,0.0,0.0,0.0,0.0,0.0,2.0,1.0,0.0
-93.0449575484,45.1598921452,8,54.0411,72.8111,0.0,745,1.0,0.0,0.0,0.0,2.0,1.0,16.0,11.0,6.0,0.0
-93.0067875556,45.1599007921,8,53.9538,72.6733,0.0,746,0.0,0.0,0.0,0.0,0.0,1.0,5.0,7.0,5.0,0.0
-92.9686175583,45.1598966823,8,53.8637,72.5292,0.0,747,0.0,0.0,0.0,0.0,0.0,0.0,0.0,0.0,0.0,0.0
-92.9304475819,45.1598798158,8,53.7767,72.4009,0.0,748,0.0,0.0,0.0,0.0,0.0,0.0,0.0,0.0,0.0,0.0
-92.892277652,45.1598501927,8,53.6956,72.2924,0.0,749,0.0,0.0,0.0,0.0,0.0,0.0,0.0,0.0,0.0,0.0
-92.854107794,45.159807813,8,53.6219,72.2004,0.0,750,0.0,0.0,0.0,0.0,0.0,0.0,1.0,1.0,0.0,0.0
-92.8159380334,45.1597526768,8,53.5571,72.1213,0.0,751,1.0,0.0,0.0,0.0,0.0,0.0,1.0,0.0,1.0,0.0
-92.7777683957,45.1596847841,8,53.502,72.0525,0.0,752,0.0,0.0,0.0,0.0,0.0,0.0,0.0,0.0,0.0,0.0
-92.7395989064,45.1596041352,8,53.457,71.9919,0.0,753,0.0,0.0,0.0,0.0,0.0,0.0,0.0,0.0,0.0,0.0
-93.6559659331,45.1850221669,8,52.843,72.5638,0.0,754,0.0,0.0,0.0,0.0,0.0,0.0,0.0,0.0,0.0,0.0
-93.6177814412,45.1852351025,8,53.3534,72.7842,0.0,755,0.0,0.0,0.0,0.0,0.0,0.0,0.0,0.0,0.0,0.0
-93.5795965363,45.1854352724,8,54.027,73.0511,0.0,756,0.0,0.0,0.0,0.0,0.0,0.0,0.0,0.0,0.0,0.0
-93.541411244,45.1856226763,8,53.9736,73.2463,0.0,757,0.0,0.0,0.0,0.0,0.0,0.0,0.0,0.0,0.0,0.0
-93.5032255898,45.1857973138,8,53.7855,73.3951,0.0,758,0.0,0.0,0.0,0.0,0.0,0.0,0.0,0.0,0.0,0.0
-93.4650395992,45.1859591847,8,53.4884,73.4832,0.0,759,0.0,0.0,0.0,0.0,0.0,0.0,0.0,0.0,0.0,0.0
-93.4268532977,45.1861082886,8,53.5162,73.4744,0.0,760,0.0,0.0,1.0,0.0,1.0,0.0,2.0,1.0,1.0,0.0
-93.3886667109,45.1862446253,8,53.7784,73.3727,0.0,761,1.0,0.0,2.0,6.0,6.0,5.0,93.0,62.0,61.0,0.0
-93.3504798642,45.1863681945,8,54.0857,73.1556,0.0,762,0.0,0.0,0.0,5.0,8.0,11.0,100.0,31.0,25.0,0.0
-93.3122927833,45.186478996,8,54.3153,73.0123,0.0,763,0.0,0.0,0.0,3.0,6.0,3.0,48.0,31.0,20.0,0.0
-93.2741054936,45.1865770297,8,54.3295,72.8848,0.0,764,0.0,0.0,0.0,0.0,1.0,1.0,23.0,2.0,9.0,0.0
-93.2359180206,45.1866622953,8,54.2495,72.8068,0.0,765,0.0,0.0,0.0,1.0,1.0,1.0,16.0,32.0,18.0,0.0
-93.1977303899,45.1867347928,8,54.2315,72.8014,0.0,766,0.0,0.0,3.0,1.0,1.0,3.0,10.0,6.0,2.0,0.0
-93.1595426271,45.1867945219,8,54.1255,72.804,0.0,767,0.0,0.0,0.0,0.0,0.0,0.0,5.0,1.0,1.0,0.0
-93.1213547576,45.1868414825,8,54.0402,72.8131,0.0,768,0.0,0.0,0.0,5.0,2.0,4.0,35.0,20.0,14.0,0.0
-93.0831668069,45.1868756747,8,54.0348,72.7626,0.0,769,0.0,0.0,0.0,1.0,0.0,0.0,5.0,5.0,2.0,0.0
-93.0449788006,45.1868970983,8,53.9484,72.6921,0.0,770,0.0,0.0,0.0,0.0,0.0,0.0,0.0,0.0,0.0,0.0
-93.0067907643,45.1869057532,8,53.8551,72.5868,0.0,771,0.0,0.0,0.0,0.0,0.0,0.0,0.0,0.0,0.0,0.0
-92.9686027234,45.1869016396,8,53.7583,72.47,0.0,772,0.0,0.0,0.0,0.0,0.0,0.0,0.0,0.0,0.0,0.0
-92.9304147036,45.1868847573,8,53.6636,72.3585,0.0,773,0.0,0.0,0.0,0.0,0.0,0.0,0.0,0.0,0.0,0.0
-92.8922267302,45.1868551064,8,53.5755,72.2589,0.0,774,0.0,0.0,0.0,0.0,0.0,0.0,0.0,0.0,0.0,0.0
-92.8540388289,45.186812687,8,53.497,72.1721,0.0,775,0.0,0.0,0.0,0.0,0.0,0.0,0.0,0.0,0.0,0.0
-92.8158510252,45.1867574992,8,53.43,72.0966,0.0,776,0.0,0.0,0.0,0.0,0.0,0.0,0.0,0.0,0.0,0.0
-92.7776633445,45.1866895429,8,53.3754,72.0309,0.0,777,0.0,0.0,0.0,0.0,1.0,0.0,4.0,4.0,4.0,0.0
-92.7394758125,45.1866088184,8,53.3329,71.9735,0.0,778,0.0,0.0,0.0,0.0,0.0,0.0,0.0,0.0,0.0,0.0
-93.6562762835,45.2120252353,8,52.6176,72.5548,0.0,779,0.0,0.0,0.0,0.0,0.0,0.0,0.0,0.0,0.0,0.0
-93.6180737287,45.2122383704,8,53.1053,72.7469,0.0,780,0.0,0.0,0.0,0.0,0.0,0.0,0.0,0.0,0.0,0.0
-93.5798707601,45.2124387278,8,53.7107,73.0103,0.0,781,0.0,0.0,0.0,0.0,0.0,0.0,0.0,0.0,0.0,0.0
-93.5416674035,45.2126263072,8,53.7951,73.1692,0.0,782,0.0,0.0,0.0,0.0,0.0,0.0,0.0,0.0,0.0,0.0
-93.5034636843,45.2128011084,8,53.7516,73.2965,0.0,783,0.0,0.0,0.0,0.0,0.0,0.0,0.0,0.0,0.0,0.0
-93.4652596282,45.2129631308,8,53.6995,73.3312,0.0,784,0.0,0.0,0.0,1.0,0.0,1.0,4.0,1.0,3.0,0.0
-93.4270552606,45.2131123744,8,53.7253,73.3243,0.0,785,0.0,0.0,4.0,9.0,10.0,11.0,59.0,25.0,40.0,0.0
-93.3888506073,45.2132488388,8,53.8688,73.2489,0.0,786,1.0,0.0,2.0,5.0,4.0,6.0,78.0,21.0,37.0,0.0
-93.3506456936,45.2133725238,8,54.034,73.1326,0.0,787,0.0,0.0,2.0,10.0,13.0,14.0,132.0,58.0,47.0,0.0
-93.3124405452,45.2134834291,8,54.1998,73.0277,0.0,788,0.0,0.0,2.0,3.0,4.0,7.0,56.0,19.0,24.0,0.0
-93.2742351877,45.2135815547,8,54.2006,72.8383,0.0,789,0.0,0.0,0.0,0.0,1.0,0.0,2.0,2.0,2.0,0.0
-93.2360296467,45.2136669002,8,54.1231,72.7623,0.0,790,0.0,0.0,2.0,0.0,2.0,1.0,20.0,12.0,17.0,0.0
-93.1978239476,45.2137394655,8,54.1198,72.7466,0.0,791,0.0,0.0,1.0,0.0,0.0,0.0,0.0,0.0,0.0,0.0
-93.1596181161,45.2137992506,8,54.0137,72.7263,0.0,792,0.0,0.0,0.0,1.0,0.0,0.0,3.0,0.0,3.0,0.0
-93.1214121778,45.2138462552,8,53.9187,72.7116,0.0,793,0.0,0.0,0.0,0.0,0.0,0.0,0.0,0.0,0.0,0.0
-93.0832061582,45.2138804794,8,53.9157,72.6464,0.0,794,0.0,0.0,0.0,1.0,4.0,0.0,2.0,2.0,8.0,0.0
-93.045000083,45.2139019231,8,53.8171,72.5828,0.0,795,0.0,0.0,0.0,0.0,0.0,0.0,1.0,0.0,0.0,0.0
-93.0067939776,45.2139105861,8,53.7145,72.4955,0.0,796,0.0,0.0,0.0,0.0,0.0,0.0,0.0,0.0,0.0,0.0
-92.9685878676,45.2139064686,8,53.6102,72.3973,0.0,797,0.0,0.0,0.0,0.0,0.0,0.0,0.0,0.0,0.0,0.0
-92.9303817787,45.2138895705,8,53.5094,72.2999,0.0,798,0.0,0.0,0.0,0.0,0.0,0.0,0.0,0.0,0.0,0.0
-92.8921757363,45.2138598919,8,53.4174,72.21,0.0,799,0.0,0.0,0.0,0.0,0.0,0.0,0.0,0.0,0.0,0.0
-92.8539697662,45.2138174328,8,53.3378,72.13,0.0,800,0.0,0.0,0.0,0.0,0.0,0.0,0.0,0.0,0.0,0.0
-92.8157638938,45.2137621932,8,53.2726,72.0599,0.0,801,0.0,0.0,0.0,0.0,0.0,0.0,0.0,0.0,0.0,0.0
-92.7775581447,45.2136941733,8,53.2223,71.9989,0.0,802,0.0,0.0,0.0,0.0,0.0,0.0,0.0,0.0,1.0,0.0
-92.7393525445,45.2136133732,8,53.1861,71.946,0.0,803,0.0,0.0,0.0,0.0,0.0,0.0,0.0,0.0,0.0,0.0
-93.5801453721,45.2394420537,8,53.5213,72.9479,0.0,804,0.0,0.0,0.0,0.0,0.0,0.0,0.0,0.0,0.0,0.0
-93.5419239256,45.2396298088,8,53.6845,73.0813,0.0,805,0.0,0.0,0.0,0.0,0.0,0.0,0.0,0.0,0.0,0.0
-93.5037021159,45.2398047737,8,53.7477,73.1861,0.0,806,0.0,0.0,0.0,1.0,1.0,1.0,3.0,1.0,1.0,0.0
-93.4654799686,45.239966948,8,53.7778,73.1942,0.0,807,1.0,0.0,0.0,2.0,2.0,0.0,33.0,12.0,11.0,0.0
-93.4272575094,45.2401163313,8,53.8038,73.1884,0.0,808,0.0,0.0,0.0,2.0,0.0,1.0,8.0,10.0,8.0,0.0
-93.3890347639,45.2402529236,8,53.8804,73.1312,0.0,809,0.0,0.0,1.0,1.0,0.0,1.0,5.0,15.0,7.0,0.0
-93.3508117577,45.2403767244,8,53.9618,73.0402,0.0,810,0.0,0.0,0.0,0.0,0.0,0.0,1.0,0.0,1.0,0.0
-93.3125885163,45.2404877337,8,53.9997,72.9388,0.0,811,0.0,0.0,0.0,0.0,1.0,0.0,0.0,1.0,0.0,0.0
-93.2743650655,45.2405859511,8,54.046,72.8637,0.0,812,0.0,0.0,1.0,0.0,0.0,0.0,1.0,0.0,2.0,0.0
-93.2361414307,45.2406713765,8,53.9758,72.7055,0.0,813,0.0,0.0,1.0,2.0,0.0,1.0,16.0,4.0,11.0,0.0
-93.1979176377,45.2407440099,8,53.9761,72.6826,0.0,814,0.0,0.0,0.0,0.0,0.0,0.0,2.0,2.0,0.0,0.0
-93.1596937121,45.2408038509,8,53.8626,72.6462,0.0,815,0.0,0.0,0.0,0.0,0.0,0.0,0.0,0.0,0.0,0.0
-93.1214696794,45.2408508996,8,53.7545,72.6147,0.0,816,0.0,0.0,0.0,0.0,0.0,0.0,0.0,0.0,0.0,0.0
-93.0832455653,45.2408851559,8,53.649,72.5746,0.0,817,0.0,0.0,0.0,0.0,0.0,0.0,2.0,2.0,3.0,0.0
-93.0450213954,45.2409066196,8,53.637,72.4753,0.0,818,1.0,0.0,0.0,0.0,2.0,1.0,6.0,0.0,4.0,0.0
-93.0067971953,45.2409152908,8,53.5231,72.3976,0.0,819,0.0,0.0,0.0,1.0,0.0,0.0,0.0,0.0,1.0,0.0
-92.9685729907,45.2409111694,8,53.4111,72.3118,0.0,820,0.0,0.0,0.0,0.0,0.0,0.0,0.0,0.0,0.0,0.0
-92.9303488072,45.2408942555,8,53.3063,72.2259,0.0,821,0.0,0.0,0.0,0.0,0.0,0.0,0.0,0.0,0.0,0.0
-92.8921246703,45.2408645491,8,53.2141,72.1456,0.0,822,0.0,0.0,0.0,0.0,0.0,0.0,3.0,0.0,0.0,0.0
-92.8539006057,45.2408220502,8,53.1381,72.0736,0.0,823,0.0,0.0,0.0,0.0,0.0,0.0,0.0,0.0,0.0,0.0
-92.8156766391,45.2407667588,8,53.0798,72.0105,0.0,824,0.0,0.0,0.0,1.0,2.0,1.0,6.0,3.0,4.0,0.0
-92.7774527959,45.2406986752,8,53.0389,71.956,0.0,825,0.0,0.0,0.0,0.0,0.0,0.0,2.0,0.0,0.0,0.0
-92.739229102,45.2406177994,8,53.0138,71.9091,0.0,826,0.0,0.0,0.0,0.0,0.0,0.0,0.0,0.0,0.0,0.0
-93.503940885,45.2668083098,8,53.6803,73.0883,0.0,827,0.0,0.0,0.0,0.0,0.0,0.0,1.0,1.0,0.0,0.0
-93.465700621,45.266970636,8,53.7622,73.0725,0.0,828,0.0,0.0,0.0,1.0,0.0,0.0,2.0,0.0,0.0,0.0
-93.4274600446,45.2671201593,8,53.7882,73.0666,0.0,829,0.0,0.0,1.0,0.0,0.0,0.0,1.0,1.0,0.0,0.0
-93.3892191813,45.2672568795,8,53.8261,73.0211,0.0,830,0.0,0.0,0.0,0.0,0.0,0.0,0.0,0.0,1.0,0.0
-93.3509780569,45.2673807963,8,53.8548,72.9476,0.0,831,0.0,0.0,0.0,0.0,1.0,1.0,4.0,1.0,5.0,0.0
-93.3127366969,45.2674919095,8,53.8497,72.8622,0.0,832,0.0,0.0,0.0,0.0,0.0,0.0,1.0,0.0,0.0,0.0
-93.2744951271,45.267590219,8,53.88,72.8005,0.0,833,0.0,0.0,0.0,0.0,0.0,0.0,1.0,0.0,0.0,0.0
-93.236253373,45.2676757245,8,53.7839,72.7237,0.0,834,1.0,0.0,2.0,0.0,1.0,5.0,25.0,14.0,13.0,0.0
-93.1980114605,45.2677484258,8,53.7964,72.6085,0.0,835,0.0,0.0,0.0,0.0,0.0,0.0,0.0,0.0,1.0,0.0
-93.159769415,45.2678083229,8,53.6676,72.5594,0.0,836,0.0,0.0,0.0,1.0,0.0,0.0,5.0,0.0,1.0,0.0
-93.1215272624,45.2678554157,8,53.5405,72.5145,0.0,837,0.0,0.0,0.0,0.0,0.0,0.0,0.0,0.0,0.0,0.0
-93.0832850281,45.2678897041,8,53.4151,72.4654,0.0,838,0.0,0.0,0.0,0.0,0.0,0.0,0.0,0.0,0.0,0.0
-93.045042738,45.2679111879,8,53.3977,72.3624,0.0,839,0.0,0.0,1.0,0.0,0.0,0.0,0.0,0.0,0.0,0.0
-93.0068004177,45.2679198672,8,53.2706,72.2894,0.0,840,0.0,0.0,3.0,10.0,8.0,9.0,107.0,41.0,49.0,0.0
-92.9685580928,45.267915742,8,53.1513,72.212,0.0,841,2.0,0.0,1.0,0.0,7.0,2.0,57.0,41.0,30.0,0.0
-92.930315789,45.2678988122,8,53.0454,72.1358,0.0,842,0.0,0.0,0.0,0.0,0.0,0.0,2.0,0.0,0.0,0.0
-92.892073532,45.267869078,8,52.9579,72.0651,0.0,843,0.0,0.0,1.0,2.0,1.0,1.0,4.0,0.0,3.0,0.0
-92.8538313473,45.2678265392,8,52.8915,72.0023,0.0,844,0.0,0.0,0.0,0.0,0.0,0.0,0.0,0.0,0.0,0.0
-92.8155892608,45.2677711961,8,52.8466,71.948,0.0,845,1.0,0.0,0.0,0.0,1.0,1.0,8.0,7.0,2.0,0.0
-92.777347298,45.2677030487,8,52.8215,71.9018,0.0,846,0.0,0.0,0.0,0.0,0.0,0.0,0.0,0.0,0.0,0.0
-92.7391054847,45.2676220972,8,52.8131,71.8625,0.0,847,0.0,0.0,0.0,0.0,0.0,0.0,0.0,0.0,0.0,0.0
-93.5041799922,45.2938117167,8,53.5365,73.0008,0.0,848,0.0,0.0,0.0,0.0,0.0,0.0,0.0,1.0,0.0,0.0
-93.4659215859,45.2939741949,8,53.5143,73.0139,0.0,849,0.0,0.0,0.0,0.0,0.0,0.0,1.0,1.0,0.0,0.0
-93.4276628665,45.2941238583,8,53.6201,72.9831,0.0,850,0.0,0.0,0.0,0.0,0.0,0.0,0.0,0.0,1.0,0.0
-93.3894038599,45.2942607066,8,53.7204,72.9181,0.0,851,0.0,0.0,0.0,0.0,0.0,0.0,0.0,0.0,0.0,0.0
-93.3511445916,45.2943847395,8,53.7138,72.8555,0.0,852,0.0,0.0,0.0,0.0,0.0,0.0,1.0,0.0,0.0,0.0
-93.3128850873,45.2944959568,8,53.6755,72.7803,0.0,853,0.0,0.0,0.0,0.0,0.0,1.0,4.0,1.0,2.0,0.0
-93.2746253729,45.2945943583,8,53.6011,72.7029,0.0,854,0.0,0.0,0.0,0.0,0.0,0.0,0.0,0.0,1.0,0.0
-93.2363654739,45.2946799439,8,53.5715,72.6499,0.0,855,1.0,0.0,1.0,2.0,0.0,3.0,27.0,3.0,16.0,0.0
-93.1981054161,45.2947527134,8,53.4348,72.581,0.0,856,0.0,0.0,0.0,0.0,0.0,0.0,2.0,1.0,3.0,0.0
-93.1598452252,45.2948126666,8,53.423,72.4622,0.0,857,0.0,0.0,0.0,0.0,0.0,0.0,2.0,1.0,2.0,0.0
-93.1215849269,45.2948598035,8,53.2693,72.405,0.0,858,0.0,0.0,0.0,0.0,0.0,0.0,0.0,1.0,0.0,0.0
-93.0833245469,45.294894124,8,53.1177,72.3464,0.0,859,0.0,0.0,0.0,0.0,0.0,0.0,0.0,0.0,1.0,0.0
-93.0450641109,45.294915628,8,53.0879,72.2382,0.0,860,0.0,0.0,0.0,0.0,0.0,0.0,1.0,2.0,2.0,0.0
-93.0068036446,45.2949243154,8,52.9455,72.1667,0.0,861,0.0,0.0,1.0,0.0,3.0,2.0,12.0,4.0,6.0,0.0
-92.9685431738,45.2949201863,8,52.8199,72.0952,0.0,862,0.0,0.0,1.0,0.0,1.0,1.0,7.0,3.0,8.0,0.0
-92.9302827241,45.2949032407,8,52.7169,72.0277,0.0,863,0.0,0.0,0.0,0.0,0.0,0.0,0.0,0.0,0.0,0.0
-92.8920223212,45.2948734786,8,52.6405,71.9672,0.0,864,0.0,0.0,0.0,0.0,0.0,0.0,0.0,0.0,1.0,0.0
-92.8537619909,45.2948309,8,52.5915,71.9153,0.0,865,0.0,0.0,0.0,0.0,0.0,0.0,1.0,0.0,0.0,0.0
-92.8155017588,45.294775505,8,52.5682,71.8717,0.0,866,0.0,0.0,0.0,0.0,0.0,0.0,1.0,0.0,1.0,0.0
-92.7772416507,45.2947072938,8,52.5666,71.8358,0.0,867,0.0,0.0,0.0,0.0,0.0,0.0,0.0,1.0,0.0,0.0
-92.7389816923,45.2946262664,8,52.5821,71.8061,0.0,868,0.0,0.0,0.0,0.0,0.0,0.0,0.0,0.0,0.0,0.0
-93.5044194382,45.3208149944,8,53.2444,72.9026,0.0,869,0.0,0.0,0.0,0.0,0.0,0.0,0.0,1.0,1.0,0.0
-93.4661428638,45.3209776248,8,53.3335,72.9141,0.0,870,0.0,0.0,1.0,1.0,2.0,1.0,6.0,6.0,4.0,0.0
-93.4278659758,45.3211274284,8,53.3831,72.9002,0.0,871,0.0,0.0,0.0,0.0,0.0,0.0,0.0,1.0,0.0,0.0
-93.3895888001,45.3212644049,8,53.4002,72.8613,0.0,872,0.0,0.0,0.0,0.0,0.0,0.0,1.0,0.0,1.0,0.0
-93.3513113622,45.321388554,8,53.3841,72.8023,0.0,873,0.0,0.0,0.0,0.0,1.0,1.0,10.0,3.0,4.0,0.0
-93.313033688,45.3214998755,8,53.3316,72.7301,0.0,874,0.0,0.0,0.0,0.0,1.0,0.0,1.0,0.0,1.0,0.0
-93.2747558032,45.3215983692,8,53.2424,72.6523,0.0,875,0.0,0.0,1.0,2.0,0.0,0.0,4.0,0.0,2.0,0.0
-93.2364777335,45.3216840349,8,53.1214,72.5744,0.0,876,0.0,0.0,0.0,1.0,0.0,2.0,6.0,6.0,2.0,0.0
-93.1981995048,45.3217568726,8,53.157,72.4868,0.0,877,0.0,0.0,0.0,0.0,0.0,0.0,4.0,1.0,2.0,0.0
-93.1599211427,45.321816882,8,53.1229,72.3516,0.0,878,0.0,0.0,1.0,0.0,0.0,0.0,6.0,0.0,0.0,0.0
-93.1216426731,45.321864063,8,52.933,72.2815,0.0,879,0.0,0.0,0.0,0.0,0.0,0.0,0.0,0.0,0.0,0.0
-93.0833641216,45.3218984156,8,52.7468,72.212,0.0,880,0.0,0.0,0.0,0.0,0.0,0.0,0.0,0.0,0.0,0.0
-93.045085514,45.3219199398,8,52.5713,72.1429,0.0,881,0.0,0.0,0.0,0.0,0.0,0.0,0.0,0.0,0.0,0.0
-93.0068068761,45.3219286354,8,52.5354,72.025,0.0,882,0.0,0.0,0.0,0.0,0.0,0.0,0.0,0.0,0.0,0.0
-93.5046592235,45.3478181429,8,53.018,72.8171,0.0,883,0.0,0.0,0.0,0.0,0.0,0.0,0.0,0.0,0.0,0.0
-93.4663644553,45.3479809256,8,53.1195,72.8218,0.0,884,0.0,0.0,0.0,0.0,0.0,0.0,0.0,0.0,0.0,0.0
-93.428069373,45.3481308696,8,53.1719,72.8049,0.0,885,0.0,0.0,0.0,0.0,0.0,0.0,1.0,0.0,0.0,0.0
-93.3897740023,45.3482679743,8,53.181,72.7664,0.0,886,0.0,0.0,0.0,1.0,0.0,0.0,2.0,1.0,2.0,0.0
-93.3514783691,45.3483922397,8,53.1485,72.7092,0.0,887,0.0,0.0,0.0,0.0,0.0,0.0,1.0,1.0,1.0,0.0
-93.3131824992,45.3485036655,8,53.0741,72.6382,0.0,888,0.0,0.0,1.0,0.0,0.0,0.0,0.0,1.0,0.0,0.0
-93.2748864183,45.3486022515,8,52.959,72.5584,0.0,889,0.0,0.0,0.0,0.0,0.0,0.0,1.0,0.0,0.0,0.0
-93.2365901523,45.3486879975,8,52.8073,72.4742,0.0,890,1.0,0.0,0.0,1.0,3.0,2.0,10.0,8.0,8.0,0.0
-93.1982937269,45.3487609034,8,52.6257,72.3882,0.0,891,0.0,0.0,0.0,0.0,0.0,0.0,0.0,0.0,0.0,0.0
-93.1599971679,45.348820969,8,52.7343,72.3047,0.0,892,0.0,0.0,0.0,0.0,0.0,0.0,1.0,0.0,1.0,0.0
-93.1217005011,45.3488681942,8,52.5239,72.1403,0.0,893,0.0,0.0,0.0,0.0,0.0,0.0,0.0,0.0,1.0,0.0
-93.0834037524,45.348902579,8,52.2927,72.0575,0.0,894,0.0,0.0,0.0,0.0,0.0,0.0,0.0,0.0,0.0,0.0
-93.0451069475,45.3489241233,8,52.0813,71.9795,0.0,895,0.0,0.0,0.0,0.0,0.0,0.0,0.0,0.0,0.0,0.0
-93.0068101122,45.3489328271,8,52.0277,71.8602,0.0,896,0.0,0.0,0.0,0.0,0.0,0.0,0.0,0.0,0.0,0.0
-93.5048993487,45.3748211621,8,52.7755,72.7373,0.0,897,0.0,0.0,0.0,0.0,0.0,0.0,0.0,0.0,0.0,0.0
-93.4665863609,45.3749840974,8,52.8842,72.7355,0.0,898,0.0,0.0,0.0,0.0,0.0,0.0,0.0,0.0,0.0,0.0
-93.4282730584,45.3751341818,8,52.9366,72.7145,0.0,899,0.0,0.0,0.0,0.0,0.0,0.0,0.0,0.0,0.0,0.0
-93.3899594671,45.375271415,8,52.9374,72.674,0.0,900,0.0,0.0,0.0,0.0,0.0,1.0,1.0,0.0,1.0,0.0
-93.3516456129,45.3753957968,8,52.8888,72.6155,0.0,901,1.0,0.0,1.0,0.0,2.0,2.0,22.0,6.0,12.0,0.0
-93.3133315214,45.375507327,8,52.7913,72.5419,0.0,902,0.0,0.0,0.0,0.0,0.0,0.0,1.0,0.0,2.0,0.0
-93.2750172186,45.3756060053,8,52.6461,72.4566,0.0,903,0.0,0.0,0.0,0.0,0.0,0.0,0.0,0.0,0.0,0.0
-93.2367027304,45.3756918316,8,52.4565,72.3626,0.0,904,0.0,0.0,0.0,0.0,1.0,0.0,1.0,0.0,1.0,0.0
-93.1983880825,45.3757648058,8,52.2285,72.2626,0.0,905,0.0,0.0,0.0,0.0,0.0,0.0,0.0,0.0,0.0,0.0
-93.1600733008,45.3758249277,8,51.9773,72.1588,0.0,906,0.0,0.0,0.0,0.0,0.0,0.0,0.0,0.0,0.0,0.0
-93.1217584112,45.3758721972,8,52.0104,72.0558,0.0,907,0.0,0.0,0.0,0.0,1.0,0.0,4.0,0.0,0.0,0.0
-93.0834434394,45.3759066142,8,51.7468,71.8795,0.0,908,0.0,0.0,0.0,0.0,0.0,0.0,0.0,0.0,1.0,0.0
-93.0451284113,45.3759281787,8,51.4904,71.7899,0.0,909,0.0,0.0,0.0,0.0,0.0,0.0,0.0,0.0,0.0,0.0
-93.0068133528,45.3759368906,8,51.4117,71.6687,0.0,910,0.0,0.0,0.0,0.0,0.0,0.0,0.0,0.0,0.0,0.0
-93.5051398144,45.4018240521,8,52.5243,72.6624,0.0,911,0.0,0.0,0.0,0.0,0.0,0.0,0.0,0.0,0.0,0.0
-93.4668085812,45.4019871401,8,52.636,72.6541,0.0,912,0.0,0.0,0.0,0.0,0.0,0.0,0.0,0.0,0.0,0.0
-93.4284770327,45.402137365,8,52.6856,72.6282,0.0,913,0.0,0.0,1.0,0.0,0.0,0.0,1.0,0.0,1.0,0.0
-93.3901451949,45.4022747268,8,52.6766,72.5837,0.0,914,0.0,0.0,0.0,0.0,0.0,0.0,0.0,0.0,0.0,0.0
-93.3518130937,45.4023992251,8,52.6103,72.5211,0.0,915,0.0,0.0,1.0,1.0,0.0,2.0,16.0,6.0,7.0,0.0
-93.3134807549,45.4025108598,8,52.4868,72.4418,0.0,916,0.0,0.0,0.0,0.0,0.0,0.0,0.0,0.0,0.0,0.0
-93.2751482044,45.4026096306,8,52.3066,72.3476,0.0,917,0.0,0.0,0.0,1.0,1.0,0.0,2.0,2.0,2.0,0.0
-93.2368154682,45.4026955373,8,52.0715,72.2406,0.0,918,0.0,0.0,0.0,1.0,1.0,0.0,6.0,2.0,2.0,0.0
-93.198482572,45.4027685798,8,51.7867,72.1229,0.0,919,0.0,0.0,0.0,0.0,0.0,0.0,0.0,0.0,1.0,0.0
-93.1601495417,45.4028287581,8,51.4626,71.9975,0.0,920,0.0,0.0,0.0,0.0,0.0,0.0,0.0,0.0,0.0,0.0
-93.1218164033,45.4028760718,8,51.4383,71.8732,0.0,921,0.0,0.0,0.0,0.0,0.0,0.0,0.0,0.0,1.0,0.0
-93.0834831827,45.4029105211,8,51.0821,71.7483,0.0,922,0.0,0.0,0.0,0.0,0.0,0.0,1.0,1.0,2.0,0.0
-93.0451499056,45.4029321058,8,50.7931,71.572,0.0,923,0.0,0.0,0.0,0.0,0.0,0.0,0.0,2.0,0.0,0.0
-93.0068165981,45.4029408258,8,50.5639,71.4923,0.0,924,0.0,0.0,0.0,0.0,0.0,0.0,0.0,0.0,0.0,0.0
